INDICATOR_CATEGORY,SLH_use.modeling,METRIC_NAME,metric_to_send,AOI,YEAR,WEBTOOL_NAME,METRIC_DESCRIPTION,METRIC_UNITS,UUID,DATE_DOWNLOADED,DSID,FINAL_TABLE,METADATA,SOURCE_NAME,SOURCE_URL,ACTIVE,DSNAME
Anthropogenic,N,NABD_Dens[AOI],,"Cat, Ws",,NABD Dam Density,Density of georeferenced dams within AOI (dams/ square km),Count/Square Kilometer,8A4F8423-0D37-4F28-938A-E5522BFEAA96,6-Dec-18,33,NABD,https://edg.epa.gov/metadata/catalog/search/resource/details.page?uuid=8A4F8423-0D37-4F28-938A-E5522BFEAA96,USGS Sciencebase,https://www.sciencebase.gov/catalog/item/512cf142e4b0855fde669828,1,
Anthropogenic,N,NABD_NIDStor[AOI],,"Cat, Ws",,NABD NID Reservoir Volume,Volume all reservoirs (NID_STORA in NID) per unit area of AOI (cubic meters/square km),Cubic Meters/Square Kilometer,8A4F8423-0D37-4F28-938A-E5522BFEAA96,6-Dec-18,33,NABD,https://edg.epa.gov/metadata/catalog/search/resource/details.page?uuid=8A4F8423-0D37-4F28-938A-E5522BFEAA97,USGS Sciencebase,https://www.sciencebase.gov/catalog/item/512cf142e4b0855fde669828,1,
Anthropogenic,N,NABD_NrmStor[AOI],,"Cat, Ws",,NABD Normal Reservoir Volume,Volume all reservoirs (NORM_STORA in NID) per unit area of AOI (cubic meters/square km),Cubic Meters/Square Kilometer,8A4F8423-0D37-4F28-938A-E5522BFEAA96,6-Dec-18,33,NABD,https://edg.epa.gov/metadata/catalog/search/resource/details.page?uuid=8A4F8423-0D37-4F28-938A-E5522BFEAA98,USGS Sciencebase,https://www.sciencebase.gov/catalog/item/512cf142e4b0855fde669828,1,
Anthropogenic,N,canaldens[AOI],,"Cat, Ws",,Canal Density    ,"Density of NHDPlus line features classified as canal, ditch, or pipeline within the AOI (km/ square km)",Kilometer/Square Kilometer,e0398045-0643-492e-960c-d882b6519585,17-Jan-17,3,CanalDensity,https://edg.epa.gov/metadata/rest/document?id=e0398045-0643-492e-960c-d882b6519585,Falcone et al. 2010,https://esajournals.onlinelibrary.wiley.com/doi/abs/10.1890/09-0889.1,1,Canal Density
Anthropogenic,N,chem[AOI],,"Cat, Ws",,CHEM,Revised index of regulation of water chemistry component score calculated using AOI metrics (version 2.1) based on Johnson et al. 2018 STOTEN,Unitless,520397B1-342A-45EA-B8F9-B05694C0A194,15-Feb-20,18,ICI_IWI_v2_1,https://edg.epa.gov/metadata/catalog/search/resource/details.page?uuid=520397B1-342A-45EA-B8F9-B05694C0A194,Johnson et al. 2019,https://www.ncbi.nlm.nih.gov/pmc/articles/PMC6469687/,1,Index of Watershed Integrity
Anthropogenic,N,coalminedens[AOI],,"Cat, Ws",,Coal Mine Density,Density of coal mines sites within AOI (mines/square km),Count/Square Kilometer,a440e12b-9875-4b88-b7af-f095c79f891b,24-Feb-14,4,CoalMines,https://edg.epa.gov/metadata/rest/document?id=a440e12b-9875-4b88-b7af-f095c79f891b,USGS NCRDS,https://ncrdspublic.er.usgs.gov/ncrds_data/,1,Coal Mines
Anthropogenic,N,conn[AOI],,"Cat, Ws",,CONN,Hydrologic connectivity component score calculated using AOI metrics,Unitless,520397B1-342A-45EA-B8F9-B05694C0A194,15-Feb-20,17,ICI_IWI_v2_1,https://edg.epa.gov/metadata/catalog/search/resource/details.page?uuid=520397B1-342A-45EA-B8F9-B05694C0A194,Johnson et al. 2019,https://www.ncbi.nlm.nih.gov/pmc/articles/PMC6469687/,1,Index of Watershed Integrity
Anthropogenic,N,damdens[AOI],,"Cat, Ws",,Dam Density,Density of georeferenced dams within AOI (dams/ square km),Count/Square Kilometer,52F2F469-AC5D-40B9-B1FD-0DFD8AC53B47,24-Feb-14,5,Dams,https://edg.epa.gov/metadata/catalog/search/resource/details.page?uuid=52F2F469-AC5D-40B9-B1FD-0DFD8AC53B47,USGS NAWQA,ftp://ftpext.usgs.gov/pub/er/va/reston/NAWQA_ENS/GIS_DATA/dams/,1,Dams
Anthropogenic,N,damnidstor[AOI],,"Cat, Ws",,Dam Resevoir NID Volume,Volume all reservoirs (NID_STORA in NID) per unit area of AOI (cubic meters/square km),Cubic Meters/Square Kilometer,52F2F469-AC5D-40B9-B1FD-0DFD8AC53B47,24-Feb-14,5,Dams,https://edg.epa.gov/metadata/catalog/search/resource/details.page?uuid=52F2F469-AC5D-40B9-B1FD-0DFD8AC53B48,USGS NAWQA,ftp://ftpext.usgs.gov/pub/er/va/reston/NAWQA_ENS/GIS_DATA/dams/,1,Dams
Anthropogenic,N,damnrmstor[AOI],,"Cat, Ws",,Dam Resevoir Normal Volume,Volume all reservoirs (NORM_STORA in NID) per unit area of AOI (cubic meters/square km),Cubic Meters/Square Kilometer,52F2F469-AC5D-40B9-B1FD-0DFD8AC53B47,24-Feb-14,5,Dams,https://edg.epa.gov/metadata/catalog/search/resource/details.page?uuid=52F2F469-AC5D-40B9-B1FD-0DFD8AC53B49,USGS NAWQA,ftp://ftpext.usgs.gov/pub/er/va/reston/NAWQA_ENS/GIS_DATA/dams/,1,Dams
Anthropogenic,N,habt[AOI],,"Cat, Ws",,HABT,Habitat provision component score calculated using AOI metrics,Unitless,520397B1-342A-45EA-B8F9-B05694C0A194,15-Feb-20,17,ICI_IWI_v2_1,https://edg.epa.gov/metadata/catalog/search/resource/details.page?uuid=520397B1-342A-45EA-B8F9-B05694C0A194,Johnson et al. 2019,https://www.ncbi.nlm.nih.gov/pmc/articles/PMC6469687/,1,Index of Watershed Integrity
Anthropogenic,N,huden[Year][AOI],,"Cat, Ws, CatRp100, WsRp100",2010,Mean Housing Density,Mean housing unit density (housing units/square km) within AOI.,Count/Square Kilometer,DF3DB5FE-C99A-4DA4-8339-8698B5D7D801,7-Dec-15,59,USCensus2010,https://edg.epa.gov/metadata/catalog/search/resource/details.page?uuid=DF3DB5FE-C99A-4DA4-8339-8698B5D7D801,US Census,https://www.census.gov/programs-surveys/popest/data/data-sets.html,1,Census
Anthropogenic,N,hyd[AOI],,"Cat, Ws",,nan,Hydrologic regulation component score calculated using AOI metrics,Unitless,520397B1-342A-45EA-B8F9-B05694C0A194,15-Feb-20,17,ICI_IWI_v2_1,https://edg.epa.gov/metadata/catalog/search/resource/details.page?uuid=520397B1-342A-45EA-B8F9-B05694C0A194,Johson et al. 2019,https://www.ncbi.nlm.nih.gov/pmc/articles/PMC6469687/,1,Index of Watershed Integrity
Anthropogenic,N,ici[AOI],,Other,,ICI,Revised Index of catchment integrity (version 2.1) based on Johnson et al. 2018 STOTEN,Unitless,520397B1-342A-45EA-B8F9-B05694C0A194,15-Feb-20,18,ICI_IWI_v2.1,https://edg.epa.gov/metadata/catalog/search/resource/details.page?uuid=520397B1-342A-45EA-B8F9-B05694C0A194,Johnson et al. 2019,https://www.ncbi.nlm.nih.gov/pmc/articles/PMC6469687/,1,Index of Watershed Integrity
Anthropogenic,N,iwi[AOI],,Other,,IWI,Revised Index of catchment integrity (version 2.1) based on Johnson et al. 2018 STOTEN,Unitless,520397B1-342A-45EA-B8F9-B05694C0A194,15-Feb-20,18,ICI_IWI_v2.1,https://edg.epa.gov/metadata/catalog/search/resource/details.page?uuid=520397B1-342A-45EA-B8F9-B05694C0A194,Johnson et al. 2019,https://www.ncbi.nlm.nih.gov/pmc/articles/PMC6469687/,1,Index of Watershed Integrity
Anthropogenic,N,minedens[AOI],,"Cat, Ws, CatRp100, WsRp100",,Mine Density,Density of mines sites within AOI (mines/square km),Count/Square Kilometer,79e843a5-dd98-41c1-9dd6-914706b75a48,24-Feb-14,31,Mines,https://edg.epa.gov/metadata/rest/document?id=79e843a5-dd98-41c1-9dd6-914706b75a48,USGS,http://tin.er.usgs.gov/mineplant/,1,Mines
Anthropogenic,N,npdesdens[AOI],,"Cat, Ws, CatRp100, WsRp100",,NPDES Site Density,Density of permitted NPDES (National Pollutant Discharge Elimination System) sites within AOI (sites/square km),Count/Square Kilometer,AEC40436-E5D1-4AD9-BFF4-0654966EC3BF,14-Dec-21,8,EPA_FRS,https://edg.epa.gov/metadata/catalog/search/resource/details.page?uuid=AEC40436-E5D1-4AD9-BFF4-0654966EC3BF,EPA FRS,https://www.epa.gov/frs/geospatial-data-download-service,1,EPA FRS
Anthropogenic,N,pctagdrainage[AOI],,"Cat, Ws",,Agricultural Drainage,"This dataset represents % of land with agricultural drainage, described in DOI: 10.1016/j.scitotenv.2020.137661, within individual, local NHDPlusV2 catchments and upstream, contributing watersheds.",Unitless,1aae5df2-b9e9-4dd1-996a-c2b08e75d806,2-Jan-22,117,AgDrain,https://edg.epa.gov/metadata/catalog/search/resource/details.page?uuid=1aae5df2-b9e9-4dd1-996a-c2b08e75d806,Pennino et al. 2020,https://www.sciencedirect.com/science/article/pii/S0048969720311724,1,Ag Tiling
Anthropogenic,N,pctagslphigh[Year][AOI],,"Cat, Ws","2001, 2004, 2006, 2008, 2011, 2013, 2016, 2019",Percent of Agriculture of 20% Slope,% of AOI area classified as ag land cover (NLCD classes 81-82) occurring on slopes > 20%,Percent,65264DD6-6227-4732-8162-3E4F194C4913,22-May-24,111,AgMidHiSlopes,https://edg.epa.gov/metadata/catalog/search/resource/details.page?uuid=65264DD6-6227-4732-8162-3E4F194C4913,NLCD,https://www.mrlc.gov/data,1,Ag On Slopes
Anthropogenic,N,pctagslpmid[Year][AOI],,"Cat, Ws","2001, 2004, 2006, 2008, 2011, 2013, 2016, 2019",Percent of Agriculture of 10% Slope,% of AOI area classified as ag land cover (NLCD classes 81-82) occurring on slopes > 10%,Percent,65264DD6-6227-4732-8162-3E4F194C4913,22-May-24,111,AgMidHiSlopes,https://edg.epa.gov/metadata/catalog/search/resource/details.page?uuid=65264DD6-6227-4732-8162-3E4F194C4913,NLCD,https://www.mrlc.gov/data,1,Ag On Slopes
Anthropogenic,N,pestic97[AOI],,"Cat, Ws",1997,Mean Pesticide Use,Mean pesticide use (kg/km2) in yr. 1997 within AOI.,Percent,FF4DC154-0BEE-4818-8417-331705B40A12,19-Sep-13,45,INACTIVE_Pesticides97,https://edg.epa.gov/metadata/catalog/search/resource/details.page?uuid=FF4DC154-0BEE-4818-8417-331705B40A12,USGS Water Mission Area,http://water.usgs.gov/GIS/metadata/usgswrd/XML/agpest97grd.xml,0,
Anthropogenic,N,pestic[Year][AOI],,"Cat, Ws",1997,Mean Pesticide Use,Mean pesticide use (kg/km2) in yr. 1997 within AOI,Kilogram/Square Kilometer,7D1FE157-43CD-4AA6-A1D3-37B4FC41065A,3-Aug-15,45,Pesticides97,https://edg.epa.gov/metadata/catalog/search/resource/details.page?uuid=7D1FE157-43CD-4AA6-A1D3-37B4FC41065A,USGS Water Mission Area,http://water.usgs.gov/GIS/metadata/usgswrd/XML/agpest97grd.xml,1,Pesticides
Anthropogenic,N,popden[Year][AOI],,"Cat, Ws, CatRp100, WsRp100",2010,Mean Population Density,Mean populating density (people/square km) within AOI,Number People / Square Kilometer,BA42DA59-6F0F-4F21-9306-CEDBD29ADE63,15-Mar-16,59,USCensus2010,https://edg.epa.gov/metadata/catalog/search/resource/details.page?uuid=BA42DA59-6F0F-4F21-9306-CEDBD29ADE64,US Census,https://www.census.gov/programs-surveys/popest/data/data-sets.html,1,US Census
Anthropogenic,N,rdcrs[AOI],,"Cat, Ws",,Road and Stream Intersection Density,Density of roads-stream intersections (2010 Census Tiger Lines-NHD stream lines) within AOI (crossings/square km),Count/Square Kilometer,BFB01111-7676-4E96-B9BD-7DC4E5A3168B,16-Feb-16,52,RoadStreamCrossings,https://edg.epa.gov/metadata/catalog/search/resource/details.page?uuid=BFB01111-7676-4E96-B9BD-7DC4E5A3168B,Carlisle et al. 2019,https://link.springer.com/article/10.1007/s10661-008-0256-z,1,Road Stream Crossings
Anthropogenic,N,rdcrsslpwtd[AOI],,"Cat, Ws",,Road and Stream Intersection x NHD Slope,Density of roads-stream intersections (2010 Census Tiger Lines-NHD stream lines) multiplied by NHDPlusV21 slope within AOI (crossings*slope/square km),Weighted Count/Square Kilometer,FBBEB21F-62C9-4ECA-BE95-EC3F387CE584,27-Jan-14,52,RoadStreamCrossings,https://edg.epa.gov/metadata/catalog/search/resource/details.page?uuid=FBBEB21F-62C9-4ECA-BE95-EC3F387CE584,Carlisle et al. 2019,https://link.springer.com/article/10.1007/s10661-008-0256-z,1,Road Stream Crossings
Anthropogenic,N,rddens[AOI],,"Cat, Ws",,Mean Road Density,Density of roads (2010 Census Tiger Lines) within AOI (km/square km),Kilometer/Square Kilometer,D3FDB46C-9EF8-4848-AE53-495DB3F058A9,,51,INACTIVE_RoadDensity,https://edg.epa.gov/metadata/catalog/search/resource/details.page?uuid=D3FDB46C-9EF8-4848-AE53-495DB3F058A9,US Census,ftp://ftp2.census.gov/geo/pvs/tiger2010st/,0,
Anthropogenic,N,rddens[Year][AOI],,"Cat, Ws, CatRp100, WsRp100",2010,Mean Road Density,Density of roads (2010 Census Tiger Lines) within AOI (km/square km),Percent,20AC52F2-251B-49F7-8328-2FC8EA6FE18B,6-Mar-14,51,RoadDensity,https://edg.epa.gov/metadata/catalog/search/resource/details.page?uuid=20AC52F2-251B-49F7-8328-2FC8EA6FE18B,US Census,ftp://ftp2.census.gov/geo/pvs/tiger2010st/,1,Road Density
Anthropogenic,N,sed[AOI],,"Cat, Ws",,SED,Sediment regulation component score calculated using AOI metrics,Percent,520397B1-342A-45EA-B8F9-B05694C0A194,1-Jan-18,17,ICI_IWI_v2_1,https://edg.epa.gov/metadata/catalog/search/resource/details.page?uuid=520397B1-342A-45EA-B8F9-B05694C0A194,Johnson et al. 2019,https://www.ncbi.nlm.nih.gov/pmc/articles/PMC6469687/,1,Index of Watershed Integrity
Anthropogenic,N,septic[AOI],,"Cat, Ws",,Septic System Density,Density of septic systems per AOI - based on 1990 Census,Kilogram/Hectare/Year,decccf96-783c-4e0e-962c-27da23c0289b,2-Jan-22,69,Septic,https://edg.epa.gov/metadata/catalog/search/resource/details.page?uuid=decccf96-783c-4e0e-962c-27da23c0289b,Pennino et al. 2020,https://www.sciencedirect.com/science/article/pii/S0048969720311724,1,Septic
Anthropogenic,N,superfunddens[AOI],,"Cat, Ws, CatRp100, WsRp100",,Superfund Site Density,Density of Superfund sites within AOI (sites/square km),Count/Square Kilometer,AEC40436-E5D1-4AD9-BFF4-0654966EC3BF,14-Dec-21,8,EPA_FRS,https://edg.epa.gov/metadata/catalog/search/resource/details.page?uuid=AEC40436-E5D1-4AD9-BFF4-0654966EC3BF,EPA FRS,https://www.epa.gov/frs/geospatial-data-download-service,1,EPA FRS
Anthropogenic,N,sw_flux[AOI],,"Cat, Ws",,Surface Water Nitrogen Flux,Estimated surface water TN flux (kg N / km2) within AOI,Count/Square Kilometer,956964c5-b117-49b7-b469-35b90d95574a,2-Jan-22,71,sw_flux,https://edg.epa.gov/metadata/catalog/search/resource/details.page?uuid=956964c5-b117-49b7-b469-35b90d95574a,Pennino et al. 2020,https://www.sciencedirect.com/science/article/pii/S0048969720311724,1,
Anthropogenic,N,temp[AOI],,"Cat, Ws",,TEMP,Temperature regulation component score calculated using AOI metrics,Percent,520397B1-342A-45EA-B8F9-B05694C0A194,1-Jan-18,17,ICI_IWI_v2_1,https://edg.epa.gov/metadata/catalog/search/resource/details.page?uuid=520397B1-342A-45EA-B8F9-B05694C0A194,Johnson et al. 2019,https://www.ncbi.nlm.nih.gov/pmc/articles/PMC6469687/,1,Index of Watershed Integrity
Anthropogenic,N,tridens[AOI],,"Cat, Ws, CatRp100, WsRp100",,Toxic Release Inventory Site,Density of TRI (Toxic Release Inventory) sites within AOI (sites/square km),Count/Square Kilometer,AEC40436-E5D1-4AD9-BFF4-0654966EC3BF,14-Dec-21,8,EPA_FRS,https://edg.epa.gov/metadata/catalog/search/resource/details.page?uuid=AEC40436-E5D1-4AD9-BFF4-0654966EC3BF,EPA FRS,https://www.epa.gov/frs/geospatial-data-download-service,1,EPA FRS
Anthropogenic,N,waterinput[AOI],,"Cat, Ws",,Water Input,Water Input (km2/cm): Ratio of the total area of irrigated land to precipitation within AOI,Square Kilometers/Centimeter,478be3b3-3c4e-4028-94a3-5a26e9c922a8,2-Jan-22,116,WaterInput,https://edg.epa.gov/metadata/catalog/search/resource/details.page?uuid=478be3b3-3c4e-4028-94a3-5a26e9c922a8,Pennino et al. 2020,https://www.sciencedirect.com/science/article/pii/S0048969720311724,1,Water Input
Anthropogenic,N,wdrw_LD[AOI],,"Cat, Ws",,Agricultural Fresh Surface-Water Withdraw,Total fresh surface-water withdrawals in agricultural land per AOI area (L/day),Kilogram/Square Kilometer,26bfe85d-64e1-41d8-b871-79914e59f788,1-Jan-22,73,wdrw_LD,https://edg.epa.gov/metadata/catalog/search/resource/details.page?uuid=26bfe85d-64e1-41d8-b871-79914e59f788,Pennino et al. 2020,https://www.sciencedirect.com/science/article/pii/S0048969720311724,1,
Anthropogenic,N,wwtpalldens[AOI],,"Cat, Ws",,All Wastewater Treatment Density,Density (number/ km2) of all wastewater treatment plants per AOI,Count/Kilometer,c698cf93-23ed-4854-9749-757acf3b8a82,2-Jan-22,119,WWTP,https://edg.epa.gov/metadata/catalog/search/resource/details.page?uuid=c698cf93-23ed-4854-9749-757acf3b8a82,Pennino et al. 2020,https://www.sciencedirect.com/science/article/pii/S0048969720311724,1,Waste Water Treatment Plant (WWTP)
Anthropogenic,N,wwtpmajordens[AOI],,"Cat, Ws",,Major Wastewater Treatment Density,Density (number/ km2) of major wastewater treatment plants per AOI,Count/Kilometer,c698cf93-23ed-4854-9749-757acf3b8a82,3-Jan-22,119,WWTP,https://edg.epa.gov/metadata/catalog/search/resource/details.page?uuid=c698cf93-23ed-4854-9749-757acf3b8a82,Pennino et al. 2020,https://www.sciencedirect.com/science/article/pii/S0048969720311724,1,Waste Water Treatment Plant (WWTP)
Anthropogenic,N,wwtpminordens[AOI],,"Cat, Ws",,Minor Wastewater Treatment Density,Density (number/ km2) of minor wastewater treatment plants per AOI,Count/Kilometer,c698cf93-23ed-4854-9749-757acf3b8a82,4-Jan-22,119,WWTP,https://edg.epa.gov/metadata/catalog/search/resource/details.page?uuid=c698cf93-23ed-4854-9749-757acf3b8a82,Pennino et al. 2020,https://www.sciencedirect.com/science/article/pii/S0048969720311724,1,Waste Water Treatment Plant (WWTP)
Base,Y,areasqkm[AOI],areasqkm,Ws,,Watershed Area Square Kilometers,Watershed area (square km) ,Square Kilometers,,,,All,0,NHDPlusV2,https://www.epa.gov/waterdata/nhdplus-national-hydrography-dataset-plus,1,All
Base,Y,catareasqkm[AOI],catareasqkm,Cat,,Catchment Area Square Kilometers,Area of local NHDPlus AOI (square km),Square Kilometers,0,16-May-16,,All tables,0,NHDPlusV2,https://www.epa.gov/waterdata/nhdplus-national-hydrography-dataset-plus,1,All
Base,Y,catareasqkmrp100[AOI],catareasqkmrp100,"Cat, CatRp100",,AOI Area Square Kilometers Riparian 100 Meters,Area of local NHDPlus AOIs (square km) within a 100-m buffer of NHD streams. Original NLCD 2006 water cells adjacent to NHD stream lines used to expand NHD stream lines to full water area,Square Kilometers,0,16-May-16,,Many tables,0,NHDPlusV2,https://www.epa.gov/waterdata/nhdplus-national-hydrography-dataset-plus,1,Tables with Rp100 metrics
Base,N,catpctfull[AOI],,"Cat, CatRp100",,Percent Full,Percent of the AOI that is covered by the landscape layer.,Percent,0,16-May-16,,All tables,0,NHDPlusV2,https://www.epa.gov/waterdata/nhdplus-national-hydrography-dataset-plus,1,All
Base,N,instream,,Cat,,,1 = on-network lake and data were taken from StreamCat; 0 = off-network lake and custom AOIs  was needed to generate LakeCat data,Binary,,,,All,0,,http://www.horizon-systems.com/NHDPlus/NHDPlusV2_data.php,1,All
Base,Y,wsareasqkm[AOI],wsareasqkm,Ws,,Watershed Area Square Kilometers,"Watershed area (square km) at NHDPlus stream segment outlet, i.e., at the most downstream location of the vector line segment",Square Kilometers,0,1-Jan-16,,All,0,NHDPlusV2,https://www.epa.gov/waterdata/nhdplus-national-hydrography-dataset-plus,1,All
Base,Y,wsareasqkmrp100[AOI],wsareasqkmrp100,"Ws, WsRp100","2001, 2004, 2006, 2008, 2011, 2013, 2016, 2019",Watershed Area Square Kilometers Riparian 100 Meters,Watershed area (square km) within a 100-m buffer of NHD streams. Original NLCD 2006 water cells adjacent to NHD stream lines used to expand NHD stream lines to full water area,Square Kilometers,0,19-Jan-16,,Tables with Rp100 metrics,https://edg.epa.gov/metadata/rest/document?id=%7BE4DB0FCC-4CB4-43CD-BE0B-C82858D85D36%7D=metadata_to_html_full,Johnson s.  b. 2019,https://www.epa.gov/waterdata/nhdplus-national-hydrography-dataset-plus and https://www.mrlc.gov/,1,Tables with Rp100 metrics
Climate,Y,bfi[AOI],bfi,"Cat, Ws",,Base Flow Index,"Base flow is the component of streamflow that can be attributed to ground-water discharge into streams. The BFI is the ratio of base flow to total flow, expressed as a percentage, within AOI",Percent,F50445F4-99B8-46E7-BF1B-A75D3320E52A,10-Mar-16,2,BFI,https://edg.epa.gov/metadata/catalog/search/resource/details.page?uuid=F50445F4-99B8-46E7-BF1B-A75D3320E52A,USGS Water Mission Area,http://water.usgs.gov/GIS/metadata/usgswrd/XML/bfi48grd.xml,1,Base Flow Index
Climate,Y,precip8110[AOI],precip8110,"Cat, Ws",,30-year Mean Annual Precipitation,PRISM climate data - 30-year normal mean precipitation (mm): Annual period: 1981-2010 within AOI,Millimeters,CE7978C6-6F61-4643-9BAB-695FA4478364,12-Sep-13,47,PRISM_1981_2010,https://edg.epa.gov/metadata/catalog/search/resource/details.page?uuid=CE7978C6-6F61-4643-9BAB-695FA4478364,PRISM,http://prism.oregonstate.edu,1,PRISM
Climate,Y,precip9120[AOI],precip9120,"Cat, Ws",1991-2020,30-year Mean Annual Precipitation,PRISM climate data - 30-year normal mean precipitation (mm): Annual period: 1991-2020 within the AOI,Millimeters,C1AED92E-568B-47C6-9B51-272462155A76,10-Oct-23,126,PRISM_1991-2020,https://edg.epa.gov/metadata/catalog/search/resource/details.page?uuid=C1AED92E-568B-47C6-9B51-272462155A76,PRISM,http://prism.oregonstate.edu,1,PRISM
Climate,Y,precip[Year][AOI],precip[Year],"Cat, Ws","2008, 2009",Mean Precipitation,PRISM climate data - 30-year normal mean precipitation (mm): Annual period: 2008 and 2009 within the AOI,Millimeters,C1AED92E-568B-47C6-9B51-272462155A76,6-Aug-15,46,PRISM_0809,https://edg.epa.gov/metadata/catalog/search/resource/details.page?uuid=C1AED92E-568B-47C6-9B51-272462155A76,PRISM,http://prism.oregonstate.edu,1,PRISM
Climate,Y,tmax8110[AOI],tmax8110,"Cat, Ws",1981-2010,30-year Average Annual Normal Maximum Air Temperature,PRISM climate data - 30-year normal maximum temperature (CÂ°): Annual period: 1981-2010 within the AOI,Celsius,C1AED92E-568B-47C6-9B51-272462155A76,12-Sep-13,47,PRISM_1981_2010,https://edg.epa.gov/metadata/catalog/search/resource/details.page?uuid=C1AED92E-568B-47C6-9B51-272462155A76,PRISM,http://prism.oregonstate.edu,1,PRISM
Climate,Y,tmax9120[AOI],tmax9120,"Cat, Ws",1991-2020,30-year Average Annual Normal Maximum Air Temperature,PRISM climate data - 30-year normal maximum temperature (CÂ°): Annual period: 1991-2020 within the AOI,Celsius,C1AED92E-568B-47C6-9B51-272462155A76,10-Oct-23,126,PRISM_1991-2020,https://edg.epa.gov/metadata/catalog/search/resource/details.page?uuid=C1AED92E-568B-47C6-9B51-272462155A76,PRISM,http://prism.oregonstate.edu,1,PRISM
Climate,Y,tmean8110[AOI],tmean8110,"Cat, Ws",1981-2010,30-year Mean Annual Air Temperature,PRISM climate data - 30-year normal mean temperature (CÂ°): Annual period: 1981-2010 within the AOI,Celsius,C1AED92E-568B-47C6-9B51-272462155A76,12-Sep-13,47,PRISM_1981_2010,https://edg.epa.gov/metadata/catalog/search/resource/details.page?uuid=C1AED92E-568B-47C6-9B51-272462155A76,PRISM,http://prism.oregonstate.edu,1,PRISM
Climate,Y,tmean9120[AOI],tmean9120,"Cat, Ws",1991-2020,30-year Mean Annual Air Temperature,PRISM climate data - 30-year normal mean temperature (CÂ°): Annual period: 1991-2020 within the AOI,Celsius,C1AED92E-568B-47C6-9B51-272462155A76,10-Oct-23,126,PRISM_1991-2020,https://edg.epa.gov/metadata/catalog/search/resource/details.page?uuid=C1AED92E-568B-47C6-9B51-272462155A76,PRISM,http://prism.oregonstate.edu,1,PRISM
Climate,Y,tmean[Year][AOI],tmean[Year],"Cat, Ws","2008, 2009",Mean Air Temperature,PRISM climate data - Mean temperature (°C) within the AOI. Period: 2008 and 2009,Celsius,C1AED92E-568B-47C6-9B51-272462155A76,,46,INACTIVE_PRISM_0809,https://edg.epa.gov/metadata/catalog/search/resource/details.page?uuid=C1AED92E-568B-47C6-9B51-272462155A76,PRISM,http://prism.oregonstate.edu,0,PRISM
Climate,Y,tmin8110[AOI],tmin8110,"Cat, Ws",1981-2010,30-year Average Annual Normal Minimum Air Temperature,PRISM climate data - 30-year normal minimum temperature (CÂ°): Annual period: 1981-2010 within the AOI,Celsius,C1AED92E-568B-47C6-9B51-272462155A76,12-Sep-13,47,PRISM_1981_2010,https://edg.epa.gov/metadata/catalog/search/resource/details.page?uuid=C1AED92E-568B-47C6-9B51-272462155A76,PRISM,http://prism.oregonstate.edu,1,PRISM
Climate,Y,tmin9120[AOI],tmin9120,"Cat, Ws",1991-2020,30-year Average Annual Normal Minimum Air Temperature,PRISM climate data - 30-year normal minimum temperature (CÂ°): Annual period: 1991-2020 within the AOI,Celsius,C1AED92E-568B-47C6-9B51-272462155A76,10-Oct-23,126,PRISM_1991-2020,https://edg.epa.gov/metadata/catalog/search/resource/details.page?uuid=C1AED92E-568B-47C6-9B51-272462155A76,PRISM,http://prism.oregonstate.edu,1,PRISM
Deposition,N,sn[Year][AOI],,"Cat, Ws",2008,Annual Mean Sulfur and Nitrogen Wet Deposition,"Annual gradient map of precipitation-weighted mean deposition for average sulfur & nitrogen wet deposition for 2008 in kg of S+N/ha/yr, within AOI",Kilogram/Hectare/Year,49DA91A5-0D29-41E4-96BD-93987FF85979,11-Mar-16,34,NADP,https://edg.epa.gov/metadata/catalog/search/resource/details.page?uuid=49DA91A5-0D29-41E4-96BD-93987FF85979,NADP,https://nadp.slh.wisc.edu/maps-data/ntn-gradient-maps/,1,NADP
Land Use Land Cover,N,pctconif[Year][AOI],,"Cat, Ws, CatRp100, WsRp100","2001, 2004, 2006, 2008, 2011, 2013, 2016, 2019",Evergreen Forest Percentage,% of AOI area classified as evergreen forest land cover (NLCD class 42),Percent,65264DD6-6227-4732-8162-3E4F194C4913,6-Aug-21,36,NLCD,https://edg.epa.gov/metadata/rest/document?id=65264DD6-6227-4732-8162-3E4F194C4913,NLCD,https://www.mrlc.gov/data,1,NLCD
Land Use Land Cover,N,pctcrop[Year][AOI],,"Cat, Ws, CatRp100, WsRp100","2001, 2004, 2006, 2008, 2011, 2013, 2016, 2019",Row Crop Percentage,% of AOI area classified as crop land use (NLCD class 82),Percent,65264DD6-6227-4732-8162-3E4F194C4913,6-Aug-21,36,NLCD,https://edg.epa.gov/metadata/rest/document?id=65264DD6-6227-4732-8162-3E4F194C4913,NLCD,https://www.mrlc.gov/data,1,NLCD
Land Use Land Cover,N,pctdecid[Year][AOI],,"Cat, Ws, CatRp100, WsRp100","2001, 2004, 2006, 2008, 2011, 2013, 2016, 2019",Deciduous Forest Percentage,% of AOI area classified as deciduous forest land cover (NLCD class 41),Percent,65264DD6-6227-4732-8162-3E4F194C4913,6-Aug-21,36,NLCD,https://edg.epa.gov/metadata/rest/document?id=65264DD6-6227-4732-8162-3E4F194C4913,NLCD,https://www.mrlc.gov/data,1,NLCD
Land Use Land Cover,N,pctgrs[Year][AOI],,"Cat, Ws, CatRp100, WsRp100","2001, 2004, 2006, 2008, 2011, 2013, 2016, 2019",Grassland/Herbaceous Percentage,% of AOI area classified as grassland/herbaceous land cover (NLCD class 71),Percent,65264DD6-6227-4732-8162-3E4F194C4913,6-Aug-21,36,NLCD,https://edg.epa.gov/metadata/rest/document?id=65264DD6-6227-4732-8162-3E4F194C4913,NLCD,https://www.mrlc.gov/data,1,NLCD
Land Use Land Cover,N,pcthay[Year][AOI],,"Cat, Ws, CatRp100, WsRp100","2001, 2004, 2006, 2008, 2011, 2013, 2016, 2019",Pasture/Hay Percentage,% of AOI area classified as hay land use (NLCD class 81),Percent,65264DD6-6227-4732-8162-3E4F194C4913,6-Aug-21,36,NLCD,https://edg.epa.gov/metadata/rest/document?id=65264DD6-6227-4732-8162-3E4F194C4913,NLCD,https://www.mrlc.gov/data,1,NLCD
Land Use Land Cover,N,pcthbwet[Year][AOI],,"Cat, Ws, CatRp100, WsRp100","2001, 2004, 2006, 2008, 2011, 2013, 2016, 2019",Herbaceous Wetland Percentage,% of AOI area classified as herbaceous wetland land cover (NLCD class 95),Percent,65264DD6-6227-4732-8162-3E4F194C4913,6-Aug-21,36,NLCD,https://edg.epa.gov/metadata/rest/document?id=65264DD6-6227-4732-8162-3E4F194C4913,NLCD,https://www.mrlc.gov/data,1,NLCD
Land Use Land Cover,N,pctimp[Year][AOI],,"Cat, Ws, CatRp100, WsRp100","2001, 2004, 2006, 2008, 2011, 2013, 2016, 2019",Mean Imperviousness,Mean imperviousness of anthropogenic surfaces within AOI  (NLCD),Percent,43F2C9A2-4F0F-4603-928B-5DF138EDDB96,17-Aug-21,60,ImperviousSurfaces,https://edg.epa.gov/metadata/catalog/search/resource/details.page?uuid=43F2C9A2-4F0F-4603-928B-5DF138EDDB96,NLCD,https://www.mrlc.gov/data,1,Impervious Surfaces
Land Use Land Cover,N,pctimpslphigh[Year][AOI],,"Cat, Ws, CatRp100, WsRp100","2001, 2004, 2006, 2008, 2011, 2013, 2016, 2019",Percent Imperviousness on 20% Slope,Percent of AOI area classified as impervious occuring on slpes > 20%,Percent,,17-Aug-21,60,ImperviousSurfaces,,NLCD,https://www.mrlc.gov/data,1,Impervious Surfaces
Land Use Land Cover,N,pctimpslpmid[Year][AOI],,"Cat, Ws, CatRp100, WsRp100","2001, 2004, 2006, 2008, 2011, 2013, 2016, 2019",Percent Imperviousness on 10% Slope,Percent of AOI area classified as impervious occuring on slpes > 10%,Percent,,17-Aug-21,60,ImperviousSurfaces,,NLCD,https://www.mrlc.gov/data,1,Impervious Surfaces
Land Use Land Cover,N,pctmxfst[Year][AOI],,"Cat, Ws, CatRp100, WsRp100","2001, 2004, 2006, 2008, 2011, 2013, 2016, 2019",Mixed Deciduous/Evergreen Forest Percentage,% of AOI area classified as mixed deciduous/evergreen forest land cover (NLCD class 43),Percent,65264DD6-6227-4732-8162-3E4F194C4913,6-Aug-21,36,NLCD,https://edg.epa.gov/metadata/rest/document?id=65264DD6-6227-4732-8162-3E4F194C4913,NLCD,https://www.mrlc.gov/data,1,NLCD
Land Use Land Cover,N,pctow[Year][AOI],,"Cat, Ws, CatRp100, WsRp100","2001, 2004, 2006, 2008, 2011, 2013, 2016, 2019",Open Water Percentage,% of AOI area classified as open water land cover (NLCD class 11),Percent,65264DD6-6227-4732-8162-3E4F194C4913,6-Aug-21,36,NLCD,https://edg.epa.gov/metadata/rest/document?id=65264DD6-6227-4732-8162-3E4F194C4913,NLCD,https://www.mrlc.gov/data,1,NLCD
Land Use Land Cover,N,pctshrb[Year][AOI],,"Cat, Ws, CatRp100, WsRp100","2001, 2004, 2006, 2008, 2011, 2013, 2016, 2019",Shrub/Scrub Percentage,% of AOI area classified as shrub/scrub land cover (NLCD class 52),Percent,65264DD6-6227-4732-8162-3E4F194C4913,6-Aug-21,36,NLCD,https://edg.epa.gov/metadata/rest/document?id=65264DD6-6227-4732-8162-3E4F194C4913,NLCD,https://www.mrlc.gov/data,1,NLCD
Land Use Land Cover,N,pcturbhi[Year][AOI],,"Cat, Ws, CatRp100, WsRp100","2001, 2004, 2006, 2008, 2011, 2013, 2016, 2019","Developed, High Intensity Land Use Percentage","% of AOI area classified as developed, high-intensity land use (NLCD class 24)",Percent,65264DD6-6227-4732-8162-3E4F194C4913,6-Aug-21,36,NLCD,https://edg.epa.gov/metadata/rest/document?id=65264DD6-6227-4732-8162-3E4F194C4913,NLCD,https://www.mrlc.gov/data,1,NLCD
Land Use Land Cover,N,pcturblo[Year][AOI],,"Cat, Ws, CatRp100, WsRp100","2001, 2004, 2006, 2008, 2011, 2013, 2016, 2019","Developed, Low Intensity Land Use Percentage","% of AOI area classified as developed, low-intensity land use (NLCD class 22)",Percent,65264DD6-6227-4732-8162-3E4F194C4913,6-Aug-21,36,NLCD,https://edg.epa.gov/metadata/rest/document?id=65264DD6-6227-4732-8162-3E4F194C4913,NLCD,https://www.mrlc.gov/data,1,NLCD
Land Use Land Cover,N,pcturbmd[Year][AOI],,"Cat, Ws, CatRp100, WsRp100","2001, 2004, 2006, 2008, 2011, 2013, 2016, 2019","Developed, Medium Intensity Land Use Percentage","% of AOI area classified as developed, medium-intensity land use (NLCD class 23)",Percent,65264DD6-6227-4732-8162-3E4F194C4913,6-Aug-21,36,NLCD,https://edg.epa.gov/metadata/rest/document?id=65264DD6-6227-4732-8162-3E4F194C4913,NLCD,https://www.mrlc.gov/data,1,NLCD
Land Use Land Cover,N,pcturbop[Year][AOI],,"Cat, Ws, CatRp100, WsRp100","2001, 2004, 2006, 2008, 2011, 2013, 2016, 2019","Developed, Open Space Land Use Percentage","% of AOI area classified as developed, open space land use (NLCD class 21)",Percent,65264DD6-6227-4732-8162-3E4F194C4913,6-Aug-21,36,NLCD,https://edg.epa.gov/metadata/rest/document?id=65264DD6-6227-4732-8162-3E4F194C4913,NLCD,https://www.mrlc.gov/data,1,NLCD
Land Use Land Cover,N,pctwdwet[Year][AOI],,"Cat, Ws, CatRp100, WsRp100","2001, 2004, 2006, 2008, 2011, 2013, 2016, 2019",Woody Wetland Percentage,% of AOI area classified as woody wetland land cover (NLCD class 90),Percent,65264DD6-6227-4732-8162-3E4F194C4913,6-Aug-21,36,NLCD,https://edg.epa.gov/metadata/rest/document?id=65264DD6-6227-4732-8162-3E4F194C4913,NLCD,https://www.mrlc.gov/data,1,NLCD
Natural,Y,Precip_Minus_EVT[AOI],Precip_Minus_EVT,"Cat, Ws",,Surplus Precipitation,"This dataset represents surplus precipitation (mm): precipitation minus potential evaporation described in DOI: 10.1016/j.scitotenv.2020.137661 within individual,  local NHDPlusV2 catchments and upstream, contributing watersheds.",Kilometer/Square Kilometer,348ecacb-d9ba-491d-bcc4-3518540488f7,1-Jan-22,75,Precip_Minus_EVT,https://edg.epa.gov/metadata/catalog/search/resource/details.page?uuid=348ecacb-d9ba-491d-bcc4-3518540488f7,Pennino et al. 2020,https://www.sciencedirect.com/science/article/pii/S0048969720311724,1,
Natural,Y,Rckdep[AOI],Rckdep,"Cat, Ws",,Mean Bedrock Depth,Mean depth (cm) to bedrock of soils (STATSGO) within AOI ,Centimeters,AA3ADCFD-0758-47FC-A069-31E95A116A3D,19-Jan-16,56,STATSGO_Set2,https://edg.epa.gov/metadata/catalog/search/resource/details.page?uuid=AA3ADCFD-0758-47FC-A069-31E95A116A3D,Carlisle et al. 2009,https://link.springer.com/article/10.1007/s10661-008-0256-z,1,
Natural,Y,al2o3[AOI],al2o3,"Cat, Ws",,Mean Lithological Aluminum Oxide,Mean % of lithological aluminum oxide (Al2O3) content in surface or near surface geology within AOI,Percent,DC063B04-19B9-4172-9D07-37B118DB935A,19-Aug-16,13,GeoChemPhys1,https://edg.epa.gov/metadata/catalog/search/resource/details.page?uuid=DC063B04-19B9-4172-9D07-37B118DB935A,USGS Sciencebase,https://www.sciencebase.gov/catalog/folder/53481333e4b06f6ce034aae7,1,USGS Geochemistry
Natural,Y,bankfulldepth,bankfulldepth,Other,,Predicted Bankfull Depth,"Predicted bankfull depth: thalweg depth plus bankfull height, which is the height from the water surface to the bankfull stage",Meters,7a44ee19-0620-4be9-b82d-e2a42943c067,21-Mar-23,125,predicted_channel_widths_depths,https://edg.epa.gov/metadata/catalog/search/resource/details.page?uuid=7a44ee19-0620-4be9-b82d-e2a42943c067,Doyle et al. 2023,https://doi.org/10.1111/1752-1688.13116,1,Predicted Channel Widths Depths
Natural,Y,bankfullwidth,bankfullwidth,Other,,Predicted Bankfull Width,Predicted bankfull width: distance from left to right bank at bankfull stage where the potential water height would spill outside of the channel and into the floodplain,Meters,7a44ee19-0620-4be9-b82d-e2a42943c067,21-Mar-23,125,predicted_channel_widths_depths,https://edg.epa.gov/metadata/catalog/search/resource/details.page?uuid=7a44ee19-0620-4be9-b82d-e2a42943c067,Doyle et al. 2023,https://doi.org/10.1111/1752-1688.13116,1,Predicted Channel Widths Depths
Natural,Y,cao[AOI],cao,"Cat, Ws",,Mean Lithological Calcium Oxide,Mean % of lithological calcium oxide (CaO) content in surface or near surface geology within AOI,Percent,DC063B04-19B9-4172-9D07-37B118DB935A,19-Aug-16,13,GeoChemPhys1,https://edg.epa.gov/metadata/catalog/search/resource/details.page?uuid=DC063B04-19B9-4172-9D07-37B118DB935A,USGS Sciencebase,https://www.sciencebase.gov/catalog/folder/53481333e4b06f6ce034aae7,1,USGS Geochemistry
Natural,Y,compstrgth[AOI],compstrgth,"Cat, Ws",,Mean Lithological Compressive Strength,Mean lithological uniaxial compressive strength (megaPascals) content in surface or near surface geology within AOI,Percent,DC063B04-19B9-4172-9D07-37B118DB935A,19-Aug-16,16,GeoChemPhys4,https://edg.epa.gov/metadata/catalog/search/resource/details.page?uuid=DC063B04-19B9-4172-9D07-37B118DB935A,USGS Sciencebase,https://www.sciencebase.gov/catalog/folder/53481333e4b06f6ce034aae7,1,USGS Geochemistry
Natural,Y,elev[AOI],elev,"Cat, Ws",,Mean Elevation,Mean AOI elevation (m),Meters,FD387D2B-CCD3-4D17-ACDE-A9A8426CA1CA,24-Feb-14,6,Elevation,https://edg.epa.gov/metadata/catalog/search/resource/details.page?uuid=FD387D2B-CCD3-4D17-ACDE-A9A8426CA1CA,NHDPlusV2,https://nhdplus.com/NHDPlus/,1,Elevation
Natural,Y,fe2o3[AOI],fe2o3,"Cat, Ws",,Mean Lithological Ferric Oxide,Mean % of lithological ferric oxide (Fe2O3) content in surface or near surface geology within AOI,Percent,DC063B04-19B9-4172-9D07-37B118DB935A,19-Aug-16,13,GeoChemPhys1,https://edg.epa.gov/metadata/catalog/search/resource/details.page?uuid=DC063B04-19B9-4172-9D07-37B118DB935A,USGS Sciencebase,https://www.sciencebase.gov/catalog/folder/53481333e4b06f6ce034aae7,1,USGS Geochemistry
Natural,Y,hydrlcond[AOI],hydrlcond,"Cat, Ws",,Mean Hydraulic Conductivity,Mean lithological hydraulic conductivity (micrometers per second) content in surface or near surface geology within AOI,Percent,DC063B04-19B9-4172-9D07-37B118DB935A,19-Aug-16,15,GeoChemPhys3,https://edg.epa.gov/metadata/catalog/search/resource/details.page?uuid=DC063B04-19B9-4172-9D07-37B118DB935A,USGS Sciencebase,https://www.sciencebase.gov/catalog/folder/53481333e4b06f6ce034aae7,1,USGS Geochemistry
Natural,Y,inorgnwetdep[Year][AOI],inorgnwetdep[Year],"Cat, Ws",2008,Mean Annual Precipitation-Weighted Nitrogen,"Annual gradient map of precipitation-weighted mean deposition for inorganic nitrogen wet deposition from nitrate and ammonium for 2008 in kg of N/ha/yr, within AOI",Kilogram/Hectare/Year,49DA91A5-0D29-41E4-96BD-93987FF85979,11-Mar-16,34,NADP,https://edg.epa.gov/metadata/catalog/search/resource/details.page?uuid=49DA91A5-0D29-41E4-96BD-93987FF85981,NADP,https://nadp.slh.wisc.edu/maps-data/ntn-gradient-maps/,1,NADP
Natural,Y,k2o[AOI],k2o,"Cat, Ws",,InorgNWetDep,Mean % of lithological potassium oxide (K2O) content in surface or near surface geology within AOI,Percent,DC063B04-19B9-4172-9D07-37B118DB935A,19-Aug-16,13,GeoChemPhys1,https://edg.epa.gov/metadata/catalog/search/resource/details.page?uuid=DC063B04-19B9-4172-9D07-37B118DB935A,USGS Sciencebase,https://www.sciencebase.gov/catalog/folder/53481333e4b06f6ce034aae7,1,USGS Geochemistry
Natural,Y,mast[Year],mast[Year],Other,"2008, 2009, 2013, 2014",Mean Annual Stream Temp,"Predicted mean annual stream temperature (Jan-Dec) for year 2008, 2009, 2013, 2014",Celsius,B93A5967-949A-4075-AA3D-EA60105D2E86,12-Oct-15,49,RefStreamTempPred,https://edg.epa.gov/metadata/catalog/search/resource/details.page?uuid=B93A5967-949A-4075-AA3D-EA60105D2E86,Hill et al. 2013,https://www.jstor.org/stable/10.1086/fresscie.32.issue-1,1,Predicted Reference Stream Temperature
Natural,Y,mgo[AOI],mgo,"Cat, Ws",,Mean Lithological Magnesium Oxide,Mean % of lithological magnesium oxide (MgO) content in surface or near surface geology within AOI,Percent,DC063B04-19B9-4172-9D07-37B118DB935A,19-Aug-16,13,GeoChemPhys1,https://edg.epa.gov/metadata/catalog/search/resource/details.page?uuid=DC063B04-19B9-4172-9D07-37B118DB935A,USGS Sciencebase,https://www.sciencebase.gov/catalog/folder/53481333e4b06f6ce034aae7,1,USGS Geochemistry
Natural,Y,msst[Year],msst[Year],Other,"2008, 2009, 2013, 2014",Mean Summer Stream Temp,"Predicted mean summer stream temperature (July-Aug) for years 2008, 2009, 2013, 2014",Celsius,B93A5967-949A-4075-AA3D-EA60105D2E86,12-Oct-15,49,RefStreamTempPred,https://edg.epa.gov/metadata/catalog/search/resource/details.page?uuid=B93A5967-949A-4075-AA3D-EA60105D2E86,Hill et al. 2013,https://www.jstor.org/stable/10.1086/fresscie.32.issue-1,1,Predicted Reference Stream Temperature
Natural,Y,mwst[Year],mwst[Year],Other,"2008, 2009, 2013, 2014",Mean Winter Stream Temp,"Predicted mean winter stream temperature (Jan-Feb) for year 2008, 2009, 2013, 2014",Percent,B93A5967-949A-4075-AA3D-EA60105D2E86,12-Oct-15,49,RefStreamTempPred,https://edg.epa.gov/metadata/catalog/search/resource/details.page?uuid=B93A5967-949A-4075-AA3D-EA60105D2E86,Hill et al. 2013,https://www.jstor.org/stable/10.1086/fresscie.32.issue-1,1,Predicted Reference Stream Temperature
Natural,Y,n[AOI],n,"Cat, Ws",,Mean Lithological Nitrogen,Mean % of lithological nitrogen (N) content in surface or near surface geology within AOI,Percent,DC063B04-19B9-4172-9D07-37B118DB935A,19-Aug-16,14,GeoChemPhys2,https://edg.epa.gov/metadata/catalog/search/resource/details.page?uuid=DC063B04-19B9-4172-9D07-37B118DB935A,USGS Sciencebase,https://www.sciencebase.gov/catalog/folder/53481333e4b06f6ce034aae7,1,USGS Geochemistry
Natural,Y,na2o[AOI],na2o,"Cat, Ws",,Mean Lithological Sodium Oxide,Mean % of lithological sodium oxide (Na2O) content in surface or near surface geology within AOI,Percent,DC063B04-19B9-4172-9D07-37B118DB935A,19-Aug-16,13,GeoChemPhys1,https://edg.epa.gov/metadata/catalog/search/resource/details.page?uuid=DC063B04-19B9-4172-9D07-37B118DB935A,USGS Sciencebase,https://www.sciencebase.gov/catalog/folder/53481333e4b06f6ce034aae7,1,USGS Geochemistry
Natural,Y,nh4[Year][AOI],nh4[Year],"Cat, Ws",2008,Mean annual Precipitation-Weighted NH4 Mean,"Annual gradient map of precipitation-weighted mean deposition for ammonium ion concentration wet deposition for 2008 in kg of NH4/ha/yr, within AOI",Kilogram/Hectare/Year,49DA91A5-0D29-41E4-96BD-93987FF85979,11-Mar-16,34,NADP,https://edg.epa.gov/metadata/catalog/search/resource/details.page?uuid=49DA91A5-0D29-41E4-96BD-93987FF85980,NADP,https://nadp.slh.wisc.edu/maps-data/ntn-gradient-maps/,1,NADP
Natural,Y,no3[Year][AOI],no3[Year],"Cat, Ws",2008,Mean Annual Precipitation-Weighted NO3 Mean,"Annual gradient map of precipitation-weighted mean deposition for nitrate ion concentration wet deposition for 2008 in kg of NO3/ha/yr, within AOI",Kilogram/Hectare/Year,49DA91A5-0D29-41E4-96BD-93987FF85979,11-Mar-16,34,NADP,https://edg.epa.gov/metadata/catalog/search/resource/details.page?uuid=49DA91A5-0D29-41E4-96BD-93987FF85982,NADP,https://nadp.slh.wisc.edu/maps-data/ntn-gradient-maps/,1,NADP
Natural,Y,p2o5[AOI],p2o5,"Cat, Ws",,Mean Lithological Phosphorous Oxide,Mean % of lithological phosphorous oxide (P2O5) content in surface or near surface geology within AOI,Percent,DC063B04-19B9-4172-9D07-37B118DB935A,19-Aug-16,13,GeoChemPhys1,https://edg.epa.gov/metadata/catalog/search/resource/details.page?uuid=DC063B04-19B9-4172-9D07-37B118DB935A,USGS Sciencebase,https://www.sciencebase.gov/catalog/folder/53481333e4b06f6ce034aae7,1,USGS Geochemistry
Natural,Y,pctalkintruvol[AOI],pctalkintruvol,"Cat, Ws",,Alkaline Intrusive Volcanic Rock,% of AOI area classified as lithology type: alkaline intrusive volcanic rock,Percent,70CB7CB9-A915-48F6-A3DE-BE62446A454E,9-Feb-16,29,Lithology,https://edg.epa.gov/metadata/catalog/search/resource/details.page?uuid=70CB7CB9-A915-48F6-A3DE-BE62446A454E,USGS,https://rmgsc.cr.usgs.gov/ecosystems/dataviewer.shtml,1,Lithology
Natural,Y,pctalluvcoast[AOI],pctalluvcoast,"Cat, Ws",,Alluvium & Fine-Textured Coastal Zone Sediment,% of AOI area classified as lithology type: alluvium and fine-textured coastal zone sediment,Percent,70CB7CB9-A915-48F6-A3DE-BE62446A454E,9-Feb-16,29,Lithology,https://edg.epa.gov/metadata/catalog/search/resource/details.page?uuid=70CB7CB9-A915-48F6-A3DE-BE62446A454E,USGS,https://rmgsc.cr.usgs.gov/ecosystems/dataviewer.shtml,1,Lithology
Natural,Y,pctbl[Year][AOI],pctbl[Year],"Cat, Ws, CatRp100, WsRp100","2001, 2004, 2006, 2008, 2011, 2013, 2016, 2019",Bedrock and Similar Earthen Material Percentage,% of AOI area classified as barren land cover (NLCD class 31),Percent,65264DD6-6227-4732-8162-3E4F194C4913,6-Aug-21,36,NLCD,https://edg.epa.gov/metadata/rest/document?id=65264DD6-6227-4732-8162-3E4F194C4913,NLCD,https://www.mrlc.gov/data,1,NLCD
Natural,Y,pctburnarea[Year][AOI],pctburnarea[Year],"Cat, Ws",1984-2018,Wildfire Burn Percent 1984-2018,Mean % of AOI burned from wildfires for each year for 1984-2018,Percent,bdfdd237-06ef-41c3-8024-23a385d44a6b,22-Mar-21,65,MTBS,https://edg.epa.gov/metadata/catalog/search/resource/details.page?uuid=bdfdd237-06ef-41c3-8024-23a385d44a6b,MTBS,https://www.mtbs.gov/,1,MTBS
Natural,Y,pctcarbresid[AOI],pctcarbresid,"Cat, Ws",,Carbonate Residual Material,% of AOI area classified as lithology type: carbonate residual material,Percent,70CB7CB9-A915-48F6-A3DE-BE62446A454E,9-Feb-16,29,Lithology,https://edg.epa.gov/metadata/catalog/search/resource/details.page?uuid=70CB7CB9-A915-48F6-A3DE-BE62446A454E,USGS,https://rmgsc.cr.usgs.gov/ecosystems/dataviewer.shtml,1,Lithology
Natural,Y,pctcoastcrs[AOI],pctcoastcrs,"Cat, Ws",,"Coastal Zone Sediment, Coarse-Textured","% of AOI area classified as lithology type: coastal zone sediment, coarse-textured",Percent,70CB7CB9-A915-48F6-A3DE-BE62446A454E,9-Feb-16,29,Lithology,https://edg.epa.gov/metadata/catalog/search/resource/details.page?uuid=70CB7CB9-A915-48F6-A3DE-BE62446A454E,USGS,https://rmgsc.cr.usgs.gov/ecosystems/dataviewer.shtml,1,Lithology
Natural,Y,pctcolluvsed[AOI],pctcolluvsed,"Cat, Ws",,Colluvial Sediment,% of AOI area classified as lithology type: colluvial sediment,Percent,70CB7CB9-A915-48F6-A3DE-BE62446A454E,9-Feb-16,29,Lithology,https://edg.epa.gov/metadata/catalog/search/resource/details.page?uuid=70CB7CB9-A915-48F6-A3DE-BE62446A454E,USGS,https://rmgsc.cr.usgs.gov/ecosystems/dataviewer.shtml,1,Lithology
Natural,Y,pcteolcrs[AOI],pcteolcrs,"Cat, Ws",,"Eolian Sediment, Coarse-Textured","% of AOI area classified as lithology type: eolian sediment, coarse-textured (sand dunes)",Percent,70CB7CB9-A915-48F6-A3DE-BE62446A454E,9-Feb-16,29,Lithology,https://edg.epa.gov/metadata/catalog/search/resource/details.page?uuid=70CB7CB9-A915-48F6-A3DE-BE62446A454E,USGS,https://rmgsc.cr.usgs.gov/ecosystems/dataviewer.shtml,1,Lithology
Natural,Y,pcteolfine[AOI],pcteolfine,"Cat, Ws",,"Eolian Sediment, Fine-Textured","% of AOI area classified as lithology type: eolian sediment, fine-textured (glacial loess)",Percent,70CB7CB9-A915-48F6-A3DE-BE62446A454E,9-Feb-16,29,Lithology,https://edg.epa.gov/metadata/catalog/search/resource/details.page?uuid=70CB7CB9-A915-48F6-A3DE-BE62446A454E,USGS,https://rmgsc.cr.usgs.gov/ecosystems/dataviewer.shtml,1,Lithology
Natural,Y,pctextruvol[AOI],pctextruvol,"Cat, Ws",,Extrusive Volcanic Rock,% of AOI area classified as lithology type: extrusive volcanic rock,Percent,70CB7CB9-A915-48F6-A3DE-BE62446A454E,9-Feb-16,29,Lithology,https://edg.epa.gov/metadata/catalog/search/resource/details.page?uuid=70CB7CB9-A915-48F6-A3DE-BE62446A454E,USGS,https://rmgsc.cr.usgs.gov/ecosystems/dataviewer.shtml,1,Lithology
Natural,Y,pctfire[Year][AOI],pctfire[Year],"Cat, Ws, CatRp100, WsRp100","2001, 2002, 2003, 2004, 2005, 2006, 2007, 2008, 2009, 2010",Forest Fire Loss,% Forest loss to fire (fire perimeter) within AOI,Percent,7988E3BC-FD77-47F6-B098-77A686C55B7F,7-Nov-17,10,INACTIVE_FirePerimeters,https://edg.epa.gov/metadata/catalog/search/resource/details.page?uuid=7988E3BC-FD77-47F6-B098-77A686C55B7F,USGS,https://data-nifc.opendata.arcgis.com/,0,
Natural,Y,pctfrstloss[Year][AOI],pctfrstloss[Year],"Cat, Ws, CatRp100, WsRp100","2001, 2002, 2003, 2004, 2005, 2006, 2007, 2008, 2009, 2010, 2011, 2012, 2013",Forest Loss,% Forest cover loss (Tree canopy cover change) within AOI,Percent,F8BED808-A2F6-4F47-AB21-4E3C37F6D9C4,3-Nov-16,11,ForestLoss,https://edg.epa.gov/metadata/catalog/search/resource/details.page?uuid=F8BED808-A2F6-4F47-AB21-4E3C37F6D9C4,University of Maryland,http://earthenginepartners.appspot.com/science-2013-global-forest/download_v1.1.html,1,Forest Loss By Year
Natural,Y,pctglaclakecrs[AOI],pctglaclakecrs,"Cat, Ws",,Glacial Outwash and Glacial Lake Sediment,"% of AOI area classified as lithology type: glacial outwash and glacial lake sediment, coarse-textured",Percent,70CB7CB9-A915-48F6-A3DE-BE62446A454E,9-Feb-16,29,Lithology,https://edg.epa.gov/metadata/catalog/search/resource/details.page?uuid=70CB7CB9-A915-48F6-A3DE-BE62446A454E,USGS,https://rmgsc.cr.usgs.gov/ecosystems/dataviewer.shtml,1,Lithology
Natural,Y,pctglaclakefine[AOI],pctglaclakefine,"Cat, Ws",,Glacial Outwash and Glacial Lake,"% of AOI area classified as lithology type: glacial lake sediment, fine-textured",Percent,70CB7CB9-A915-48F6-A3DE-BE62446A454E,9-Feb-16,29,Lithology,https://edg.epa.gov/metadata/catalog/search/resource/details.page?uuid=70CB7CB9-A915-48F6-A3DE-BE62446A454E,USGS,https://rmgsc.cr.usgs.gov/ecosystems/dataviewer.shtml,1,Lithology
Natural,Y,pctglactilclay[AOI],pctglactilclay,"Cat, Ws",,"Glacial Till, Clayey","% of AOI area classified as lithology type: glacial till, clayey",Percent,70CB7CB9-A915-48F6-A3DE-BE62446A454E,9-Feb-16,29,Lithology,https://edg.epa.gov/metadata/catalog/search/resource/details.page?uuid=70CB7CB9-A915-48F6-A3DE-BE62446A454E,USGS,https://rmgsc.cr.usgs.gov/ecosystems/dataviewer.shtml,1,Lithology
Natural,Y,pctglactilcrs[AOI],pctglactilcrs,"Cat, Ws",,"Glacial Till, Coarse-Textured","% of AOI area classified as lithology type: glacial till, coarse-textured",Percent,70CB7CB9-A915-48F6-A3DE-BE62446A454E,9-Feb-16,29,Lithology,https://edg.epa.gov/metadata/catalog/search/resource/details.page?uuid=70CB7CB9-A915-48F6-A3DE-BE62446A454E,USGS,https://rmgsc.cr.usgs.gov/ecosystems/dataviewer.shtml,1,Lithology
Natural,Y,pctglactilloam[AOI],pctglactilloam,"Cat, Ws",,"Glacial Till, Loamy","% of AOI area classified as lithology type: glacial till, loamy",Percent,70CB7CB9-A915-48F6-A3DE-BE62446A454E,9-Feb-16,29,Lithology,https://edg.epa.gov/metadata/catalog/search/resource/details.page?uuid=70CB7CB9-A915-48F6-A3DE-BE62446A454E,USGS,https://rmgsc.cr.usgs.gov/ecosystems/dataviewer.shtml,1,Lithology
Natural,Y,pcthydric[AOI],pcthydric,"Cat, Ws",,"Hydric, Peat & Muck","% of AOI area classified as lithology type: hydric, peat and muck",Percent,70CB7CB9-A915-48F6-A3DE-BE62446A454E,9-Feb-16,29,Lithology,https://edg.epa.gov/metadata/catalog/search/resource/details.page?uuid=70CB7CB9-A915-48F6-A3DE-BE62446A454E,USGS,https://rmgsc.cr.usgs.gov/ecosystems/dataviewer.shtml,1,Lithology
Natural,Y,pctice[Year][AOI],pctice[Year],"Cat, Ws, CatRp100, WsRp100","2001, 2004, 2006, 2008, 2011, 2013, 2016, 2019",Ice/Snow Cover Percentage,% of AOI area classified as ice/snow land cover (NLCD class 12),Percent,65264DD6-6227-4732-8162-3E4F194C4913,6-Aug-21,36,NLCD,https://edg.epa.gov/metadata/rest/document?id=65264DD6-6227-4732-8162-3E4F194C4913,NLCD,https://www.mrlc.gov/data,1,NLCD
Natural,Y,pctnofire[Year][AOI],pctnofire[Year],"Cat, Ws",1984-2018,Percent No Fire Burn Class Class For Year,% of AOI in each burn severity class for wildfires for each year for 1984-2018,Percent,7ffbc84f-8903-4aca-a9d4-f04e2e801595,22-Mar-21,76,INACTIVE_MTBS_Severity,https://edg.epa.gov/metadata/catalog/search/resource/details.page?uuid=7ffbc84f-8903-4aca-a9d4-f04e2e801595,MTBS,https://www.mtbs.gov/,0,
Natural,Y,pctnonagintrodmanagveg[AOI],pctnonagintrodmanagveg,"Cat, Ws, CatRp100, WsRp100",,Nonnative Vegetation Landcover,"% Nonagriculture nonnative introduced or managed vegetation landcover type reclassed from LANDFIRE Existing Vegetation Type (EVT), within AOI",Percent,B995906F-9B18-4B1F-B0D1-D13122A80C85,8-Mar-16,42,NonAgIntrodManagVeg,https://edg.epa.gov/metadata/catalog/search/resource/details.page?uuid=B995906F-9B18-4B1F-B0D1-D13122A80C85,Landfire,https://www.landfire.gov/vegetation.php,1,NonAgIntrodManagVeg
Natural,Y,pctnoncarbresid[AOI],pctnoncarbresid,"Cat, Ws",,Non-Carbonate Residual Material,% of AOI area classified as lithology type: non-carbonate residual material,Percent,70CB7CB9-A915-48F6-A3DE-BE62446A454E,9-Feb-16,29,Lithology,https://edg.epa.gov/metadata/catalog/search/resource/details.page?uuid=70CB7CB9-A915-48F6-A3DE-BE62446A454E,USGS,https://rmgsc.cr.usgs.gov/ecosystems/dataviewer.shtml,1,Lithology
Natural,Y,pctsallake[AOI],pctsallake,"Cat, Ws",,Saline Lake Sediment,% of AOI area classified as lithology type: saline like sediment,Percent,70CB7CB9-A915-48F6-A3DE-BE62446A454E,9-Feb-16,29,Lithology,https://edg.epa.gov/metadata/catalog/search/resource/details.page?uuid=70CB7CB9-A915-48F6-A3DE-BE62446A454E,USGS,https://rmgsc.cr.usgs.gov/ecosystems/dataviewer.shtml,1,Lithology
Natural,Y,pctsilicic[AOI],pctsilicic,"Cat, Ws",,Silicic Residual Material,% of AOI area classified as lithology type: silicic residual material,Percent,70CB7CB9-A915-48F6-A3DE-BE62446A454E,9-Feb-16,29,Lithology,https://edg.epa.gov/metadata/catalog/search/resource/details.page?uuid=70CB7CB9-A915-48F6-A3DE-BE62446A454E,USGS,https://rmgsc.cr.usgs.gov/ecosystems/dataviewer.shtml,1,Lithology
Natural,Y,pctwater[AOI],pctwater,"Cat, Ws",,Water,% of AOI area classified as lithology type: water,Percent,70CB7CB9-A915-48F6-A3DE-BE62446A454E,9-Feb-16,29,Lithology,https://edg.epa.gov/metadata/catalog/search/resource/details.page?uuid=70CB7CB9-A915-48F6-A3DE-BE62446A454E,USGS,https://rmgsc.cr.usgs.gov/ecosystems/dataviewer.shtml,1,Lithology
Natural,Y,prg_bmmi0809,prg_bmmi0809,Other,"2008, 2009",NRSA BMMI Good Biological Condition,Predicted probability that a stream segment is in good biological condition based on a random forest model of the NRSA benthic invertebrate multimetric index (BMMI),Percent,347BAA74-DA58-4F3D-BD51-7A424CAA8EBD,4-Sep-17,43,NRSA_PredictedBioCondition,https://edg.epa.gov/metadata/catalog/search/resource/details.page?uuid=347BAA74-DA58-4F3D-BD51-7A424CAA8EBD,Hill et al. 2017,https://www.ncbi.nlm.nih.gov/pmc/articles/PMC5796808/,1,NRSA Predicted Bio Condition
Natural,Y,rockn[AOI],rockn,"Cat, Ws",,Nitrogen From Rock Weathering,N from rock weathering (kg/ km2) within AOI,Kilogram/Square Kilometer,2475fce5-6deb-4121-8216-30872e63ca41,2-Jan-22,61,RockN,https://edg.epa.gov/metadata/catalog/search/resource/details.page?uuid=2475fce5-6deb-4121-8216-30872e63ca41,Pennino et al. 2020,https://www.sciencedirect.com/science/article/pii/S0048969720311724,1,Rock Weathering Nitrogen
Natural,Y,runoff[AOI],runoff,"Cat, Ws",,Mean Runoff,Mean runoff (mm) within AOI,Millimeters,15669D84-E7E5-4E53-9FC3-0E022B6F40C0,24-Feb-14,54,Runoff,https://edg.epa.gov/metadata/catalog/search/resource/details.page?uuid=15669D84-E7E5-4E53-9FC3-0E022B6F40C0,McCabe GJ & Wolock DM (2011),https://agupubs.onlinelibrary.wiley.com/doi/full/10.1029/2011WR010630,1,Runoff
Natural,Y,s[AOI],s,"Cat, Ws",,Mean Lithological Sulfur,Mean % of lithological sulfur (S) content in surface or near surface geology within AOI,Percent,DC063B04-19B9-4172-9D07-37B118DB935A,19-Aug-16,13,GeoChemPhys1,https://edg.epa.gov/metadata/catalog/search/resource/details.page?uuid=DC063B04-19B9-4172-9D07-37B118DB935A,USGS Sciencebase,https://www.sciencebase.gov/catalog/folder/53481333e4b06f6ce034aae7,1,USGS Geochemistry
Natural,Y,sio2[AOI],sio2,"Cat, Ws",,Mean Lithological Silicon Dioxide,Mean % of lithological silicon dioxide (SiO2) content in surface or near surface geology within AOI,Percent,DC063B04-19B9-4172-9D07-37B118DB935A,19-Aug-16,13,GeoChemPhys1,https://edg.epa.gov/metadata/catalog/search/resource/details.page?uuid=DC063B04-19B9-4172-9D07-37B118DB935A,USGS Sciencebase,https://www.sciencebase.gov/catalog/folder/53481333e4b06f6ce034aae7,1,USGS Geochemistry
Natural,Y,thalwagdepth,thalwagdepth,Other,,Predicted Thalweg Depth,Predicted thalweg depth: deepest point in the channel cross section from the bottom substrate to the water surface,Centimeters,7a44ee19-0620-4be9-b82d-e2a42943c067,21-Mar-23,125,predicted_channel_widths_depths,https://edg.epa.gov/metadata/catalog/search/resource/details.page?uuid=7a44ee19-0620-4be9-b82d-e2a42943c067,Doyle et al. 2023,https://doi.org/10.1111/1752-1688.13116,1,Predicted Channel Widths and Depths
Natural,Y,wetindex[AOI],wetindex,"Cat, Ws",,Wetness Index,Mean Composite Topographic Index (CTI)[Wetness Index] within AOI,Unitless,2717d2c3-32d3-41a5-89f5-60a8d7f04965,1-Oct-18,74,WetIndex,https://edg.epa.gov/metadata/rest/document?id=2717d2c3-32d3-41a5-89f5-60a8d7f04965,EnviroAtlas,https://enviroatlas.epa.gov/enviroatlas/DataFactSheets/pdf/Supplemental/PotentialWetlandArea.pdf,1,WetIndex
Natural,Y,wettedwidth,wettedwidth,Other,,Predicted Wetted Width,Predicted wetted width: distance of the waters edge from left to right bank,Meters,7a44ee19-0620-4be9-b82d-e2a42943c067,21-Mar-23,125,predicted_channel_widths_depths,https://edg.epa.gov/metadata/catalog/search/resource/details.page?uuid=7a44ee19-0620-4be9-b82d-e2a42943c067,Doyle et al. 2023,https://doi.org/10.1111/1752-1688.13116,1,Predicted Channel Widths and Depths
Natural,Y,wtdep[AOI],wtdep,"Cat, Ws",,Mean Water Table Depth,Mean seasonal water table depth (cm) of soils (STATSGO) within AOI ,Centimeters,AA3ADCFD-0758-47FC-A069-31E95A116A3D,15-Jan-16,56,STATSGO_Set2,https://edg.epa.gov/metadata/catalog/search/resource/details.page?uuid=AA3ADCFD-0758-47FC-A069-31E95A116A3D,Carlisle et al. 2009,https://link.springer.com/article/10.1007/s10661-008-0256-z,1,STATSGO Soils
Nutrients,N,cbnf[AOI],,"Cat, Ws",,Cultivated Biological Nitrogen Fixation Mean Rate,"Mean rate of biological nitrogen fixation from the cultivation of crops in kg N/ha/yr, within AOI",Kilogram/Hectar/Year,799414E7-AE12-4785-B444-7786AE9D6489,31-Mar-16,1,AgriculturalNitrogen,https://edg.epa.gov/metadata/catalog/search/resource/details.page?uuid=799414E7-AE12-4785-B444-7786AE9D6487,EnviroAtlas,http://enviroatlas.epa.gov/enviroatlas/Datafactsheets/pdf/ESN/CultivatedBiologicalNitrogenFixation.pdf,1,Agricultural Nitrogen
Nutrients,N,fert[AOI],,"Cat, Ws",,Synthetic Nitrogen Fertilizer Application Mean Rate,"Mean rate of synthetic nitrogen fertilizer application to agricultural land in kg N/ha/yr, within the AOI",Kilogram/Hectar/Year,799414E7-AE12-4785-B444-7786AE9D6489,17-Mar-16,1,AgriculturalNitrogen,https://edg.epa.gov/metadata/catalog/search/resource/details.page?uuid=799414E7-AE12-4785-B444-7786AE9D6489,EnviroAtlas,https://enviroatlas.epa.gov/enviroatlas/DataFactSheets/pdf/ESN/Syntheticnitrogenfertilizerapplication.pdf,1,Agricultural Nitrogen
Nutrients,N,manure[AOI],,"Cat, Ws",,Mean Manure Application Rate,"Mean rate of manure application to agricultural land from confined animal feeding operations in kg N/ha/yr, within AOI",Kilogram/Hectare/Year,799414E7-AE12-4785-B444-7786AE9D6489,17-Mar-16,1,AgriculturalNitrogen,https://edg.epa.gov/metadata/catalog/search/resource/details.page?uuid=799414E7-AE12-4785-B444-7786AE9D6488,EnviroAtlas,http://enviroatlas.epa.gov/EnviroAtlas/DataFactSheets/pdf/ESN/ManureApplication.pdf,1,Agricultural Nitrogen
Nutrients,N,nani[AOI],,"Cat, Ws",,Anthropogenic Nitrogen,Net Anthropogenic Nitrogen within AOI: farm fertilizer + urban fertilizer + NOx deposition + CBNF + Human and Livestock food - crop N content - livestock N content,Kilogram/Hectare/Year,1ab197c0-2cca-4fe0-a935-fb7b6be379c7,2-Jan-22,118,Nsurp_NANI,https://edg.epa.gov/metadata/catalog/search/resource/details.page?uuid=1ab197c0-2cca-4fe0-a935-fb7b6be379c7,Pennino et al. 2020,https://www.sciencedirect.com/science/article/pii/S0048969720311724,1,NSURP NANI
Nutrients,N,nsurp[AOI],,"Cat, Ws",,Nitrogen Surplus,Nitrogen Surplus (kg N / yr) per AOI - excluding biological N Fixation,Percent,1ab197c0-2cca-4fe0-a935-fb7b6be379c7,2-Jan-22,118,Nsurp_NANI,https://edg.epa.gov/metadata/catalog/search/resource/details.page?uuid=1ab197c0-2cca-4fe0-a935-fb7b6be379c7,Pennino et al. 2020,https://www.sciencedirect.com/science/article/pii/S0048969720311724,1,NSURP NANI
Soils,N,agkffact[AOI],,"Cat, Ws",,Ag Soil Erodibility Kf Factor,"Mean of STATSGO Kffactor raster on agricultural land (NLCD 2006) within AOI. The Universal Soil Loss Equation (USLE) and represents a relative index of susceptibility of bare, cultivated soil to particle detachment and transport by rainfall",Unitless,AA3ADCFD-0758-47FC-A069-31E95A116A3D,14-Jun-16,28,Kffact,https://edg.epa.gov/metadata/catalog/search/resource/details.page?uuid=AA3ADCFD-0758-47FC-A069-31E95A116A3D,Penn State Soil Info,http://www.soilinfo.psu.edu/index.cgi?soil_data&conus&data_cov&k&methods,1,STATSGO Soils
Soils,Y,clay[AOI],clay,"Cat, Ws",,Clay Mean,Mean % clay content of soils (STATSGO) within AOI ,Percent,AA3ADCFD-0758-47FC-A069-31E95A116A3D,15-Jan-16,55,STATSGO_Set1,https://edg.epa.gov/metadata/catalog/search/resource/details.page?uuid=AA3ADCFD-0758-47FC-A069-31E95A116A3D,Carlisle et al. 2009,https://link.springer.com/article/10.1007/s10661-008-0256-z,1,STATSGO Soils
Soils,Y,kffact[AOI],kffact,"Cat, Ws",,Mean Soil Erodibility KF Factor,"Mean of STATSGO Kffactor raster within AOI. The Universal Soil Loss Equation (USLE) and represents a relative index of susceptibility of bare, cultivated soil to particle detachment and transport by rainfall",Unitless,AA3ADCFD-0758-47FC-A069-31E95A116A3D,14-Jun-16,28,Kffact,https://edg.epa.gov/metadata/catalog/search/resource/details.page?uuid=AA3ADCFD-0758-47FC-A069-31E95A116A3D,Penn State Soil Info,http://www.soilinfo.psu.edu/index.cgi?soil_data&conus&data_cov&k&methods,1,STATSGO Soils
Soils,Y,om[AOI],om,"Cat, Ws",,Organic Matter Mean,Mean organic matter content (% by weight) of soils (STATSGO) within AOI ,Percent,AA3ADCFD-0758-47FC-A069-31E95A116A3D,10-Aug-15,56,STATSGO_Set2,https://edg.epa.gov/metadata/catalog/search/resource/details.page?uuid=AA3ADCFD-0758-47FC-A069-31E95A116A3D,Carlisle et al. 2009,https://link.springer.com/article/10.1007/s10661-008-0256-z,1,STATSGO Soils
Soils,Y,perm[AOI],perm,"Cat, Ws",,Mean Permeability,Mean permeability (cm/hour) of soils (STATSGO) within AOI ,Percent,AA3ADCFD-0758-47FC-A069-31E95A116A3D,22-Jun-16,56,STATSGO_Set2,https://edg.epa.gov/metadata/catalog/search/resource/details.page?uuid=AA3ADCFD-0758-47FC-A069-31E95A116A3D,Carlisle et al. 2009,https://link.springer.com/article/10.1007/s10661-008-0256-z,1,STATSGO Soils
Soils,Y,rckdep[AOI],rckdep,"Cat, Ws",,Mean Bedrock Depth,Mean depth (cm) to bedrock of soils (STATSGO) within AOI.,Percent,EBB945ED-0151-4DBF-8FE0-806165A58973,6-Jan-14,56,STATSGO_Set2,0,Carlisle et al. 2009,https://link.springer.com/article/10.1007/s10661-008-0256-z,1,STATSGO Soils
Soils,Y,sand[AOI],sand,"Cat, Ws",,Mean Sand Content,Mean % sand content of soils (STATSGO) within AOI ,Percent,AA3ADCFD-0758-47FC-A069-31E95A116A3D,11-Mar-16,55,STATSGO_Set1,https://edg.epa.gov/metadata/catalog/search/resource/details.page?uuid=AA3ADCFD-0758-47FC-A069-31E95A116A3D,Carlisle et al. 2009,https://link.springer.com/article/10.1007/s10661-008-0256-z,1,STATSGO Soils
Wildfire,N,pcthighsev[Year][AOI],,"Cat, Ws",1984-2018,Percent High Burn Severity Class For Year,% of AOI in each burn severity class for wildfires for each year for 1984-2018,Percent,7ffbc84f-8903-4aca-a9d4-f04e2e801595,22-Mar-21,76,MTBS_Severity,https://edg.epa.gov/metadata/catalog/search/resource/details.page?uuid=7ffbc84f-8903-4aca-a9d4-f04e2e801595,MTBS,https://www.mtbs.gov/,1,MTBS 
Wildfire,N,pctincvegresp[Year][AOI],,"Cat, Ws",1984-2018,Percent Increased Greenness and Veg Response Class For Year,% of AOI in each burn severity class for wildfires for each year for 1984-2018,Percent,7ffbc84f-8903-4aca-a9d4-f04e2e801595,22-Mar-21,76,MTBS_Severity,https://edg.epa.gov/metadata/catalog/search/resource/details.page?uuid=7ffbc84f-8903-4aca-a9d4-f04e2e801595,MTBS,https://www.mtbs.gov/,1,MTBS 
Wildfire,N,pctlowsev[Year][AOI],,"Cat, Ws",1984-2018,Percent Low Burn Severity Class For Year,% of AOI in each burn severity class for wildfires for each year for 1984-2018,Percent,7ffbc84f-8903-4aca-a9d4-f04e2e801595,22-Mar-21,76,MTBS_Severity,https://edg.epa.gov/metadata/catalog/search/resource/details.page?uuid=7ffbc84f-8903-4aca-a9d4-f04e2e801595,MTBS,https://www.mtbs.gov/,1,MTBS 
Wildfire,N,pctmodsev[Year][AOI],,"Cat, Ws",1984-2018,Percent Moderate Burn Severity Class For Year,% of AOI in each burn severity class for wildfires for each year for 1984-2018,Percent,7ffbc84f-8903-4aca-a9d4-f04e2e801595,22-Mar-21,76,MTBS_Severity,https://edg.epa.gov/metadata/catalog/search/resource/details.page?uuid=7ffbc84f-8903-4aca-a9d4-f04e2e801595,MTBS,https://www.mtbs.gov/,1,MTBS 
Wildfire,N,pctnonprocmask[Year][AOI],,"Cat, Ws",1984-2018,Percent Non Processing Mask Class For Year,% of AOI in each burn severity class for wildfires for each year for 1984-2018,Percent,7ffbc84f-8903-4aca-a9d4-f04e2e801595,22-Mar-21,76,MTBS_Severity,https://edg.epa.gov/metadata/catalog/search/resource/details.page?uuid=7ffbc84f-8903-4aca-a9d4-f04e2e801595,MTBS,https://www.mtbs.gov/,1,MTBS 
Wildfire,N,pctundsev[Year][AOI],,"Cat, Ws",1984-2018,Percent Underburned to Low Burn Severity Class For Year,% of AOI in each burn severity class for wildfires for each year for 1984-2018,Percent,7ffbc84f-8903-4aca-a9d4-f04e2e801595,22-Mar-21,76,MTBS_Severity,https://edg.epa.gov/metadata/catalog/search/resource/details.page?uuid=7ffbc84f-8903-4aca-a9d4-f04e2e801595,MTBS,https://www.mtbs.gov/,1,MTBS 
