MLocID,StationDes,Lat_DD,Long_DD,Eco3,COMID,rdden_km_km2,xings_km2,P_AgLand,P_Urban21Land,mines,grvl_mn_km2,P_canal,rd_Status,xing_Status,Ag_Status,Urb21L_Status,mines_status,gmines_status,canal_status,GIS.status_2020,WorE,Disturb.score,BPJ_final,Ref2020_FINAL,owner,date.stamp
1604,Rock Creek,44.18804763,-124.0546844,CoRa,23886156,0.282073494,0,0,1.080909401,0,0,0,LOW,LOW,LOW,LOW,LOW,LOW,LOW,Ref_GIS.candidate,W,NA,NA,REFERENCE,USU,12/19/2023
2048,Sixes River d/s of Edson Creek,42.81584,-124.41353,CoRa,23920604,1.567647257,0.131210001,0.510709565,2.505189574,7,0.007092432,0,MOD,MOD,MOD,MOD,MOD,HIGH,LOW,MOST DISTURBED,W,NA,NA,MOST DISTURBED,USU,1/1/2021
2890,Bob Creek,44.2404189,-124.0595395,CoRa,23887010,0.388455252,0,0,1.566678688,0,0,0,LOW,LOW,LOW,LOW,LOW,LOW,LOW,Ref_GIS.candidate,W,NA,NA,REFERENCE,USU,12/19/2023
21842,FLYNN Creek at RM 1.71 (Alsea),44.5393,-123.853,CoRa,23887124,0.153707424,0,0,0.649969929,0,0,0,LOW,LOW,LOW,LOW,LOW,LOW,LOW,Ref_GIS.candidate,W,NA,NA,REFERENCE,USU,12/19/2023
2013ORGOL1003,EAST GOLD CREEK,44.87840785,-122.2401544,Ca,23781015,0.085516951,0,0,0,0,0,0,LOW,LOW,LOW,LOW,LOW,LOW,LOW,Ref_GIS.candidate,W,0.666666667,Score,REFERENCE,USU,12/19/2023
2013ORGOL1014,GOLD CREEK,44.86739742,-122.2564391,Ca,23781017,0.030064235,0,0,0,0,0,0,LOW,LOW,LOW,LOW,LOW,LOW,LOW,Ref_GIS.candidate,W,1,Score,REFERENCE,USU,12/19/2023
2013ORGOL1020,GOLD CREEK,44.87214933,-122.2548714,Ca,23781013,0,0,0,0,0,0,0,LOW,LOW,LOW,LOW,LOW,LOW,LOW,Ref_GIS.candidate,W,0,Score,REFERENCE,USU,1/1/2021
2013ORGOL1024,GOLD CREEK,44.86287568,-122.256029,Ca,23781017,0.028948193,0,0,0,0,0,0,LOW,LOW,LOW,LOW,LOW,LOW,LOW,Ref_GIS.candidate,W,2,Score,REFERENCE,USU,12/19/2023
2013ORLCB1015,CARBERRY CREEK,42.069312,-123.1766639,KlMt,23936063,1.141783642,0.203226364,0.003677594,2.374139385,3,0.007258084,6.593250397,LOW,MOD,MOD,MOD,MOD,HIGH,HIGH,MOST DISTURBED,W,NA,NA,MOST DISTURBED,USU,1/1/2021
33337CMN,Cummins Cr,44.26709,-124.0623,CoRa,23886182,0.30707559,0,0,1.453641317,0,0,0,LOW,LOW,LOW,LOW,LOW,LOW,LOW,Ref_GIS.candidate,W,NA,NA,REFERENCE,USU,12/19/2023
33342TRE,"Trout Cr, E Fk",44.47608,-123.9457,CoRa,23886658,0,0,0,0,0,0,0,LOW,LOW,LOW,LOW,LOW,LOW,LOW,Ref_GIS.candidate,W,NA,NA,REFERENCE,USU,12/19/2023
33350OLL,"Olalla Cr, Trib A",44.65118,-123.9137,CoRa,23881918,4.22998627,2.789400279,1.286937027,12.31962099,0,0,0,MOD,HIGH,MOD,HIGH,LOW,LOW,LOW,MOST DISTURBED,W,NA,NA,MOST DISTURBED,USU,1/1/2021
33356RY,S Roy Cr,44.78455,-123.9699,CoRa,23881672,5.218579897,0.31158472,0,5.0899244,0,0,0,HIGH,MOD,LOW,MOD,LOW,LOW,LOW,MOST DISTURBED,W,NA,NA,MOST DISTURBED,USU,1/1/2021
33378FTE,Fat Elk Cr,43.15101,-124.2437,CoRa,23914455,4.747648346,1.805845781,0,1.906974612,0,0,0,MOD,HIGH,LOW,MOD,LOW,LOW,LOW,MOST DISTURBED,W,NA,NA,MOST DISTURBED,USU,12/19/2023
33401SHT,Shotgun Cr,43.29379,-123.7649,CoRa,23910879,5.425227015,0.451304269,0,13.05478195,0,0,0,HIGH,MOD,LOW,HIGH,LOW,LOW,LOW,MOST DISTURBED,W,NA,NA,MOST DISTURBED,USU,12/19/2023
33419BLY,Billy Moore Cr,43.88704,-123.9703,CoRa,23893449,1.197234581,0,0,0,0,0,0,MOD,LOW,LOW,LOW,LOW,LOW,LOW,MODERATELY DISTURBED,W,NA,Y,REFERENCE,USU,12/19/2023
33425ELK,Elk Cr,43.79084,-123.4387,CoRa,24527950,3.961484112,0.872828838,0,10.76235288,0,0,0,MOD,MOD,LOW,HIGH,LOW,LOW,LOW,MOST DISTURBED,W,NA,NA,MOST DISTURBED,USU,12/19/2023
33480FN,Fanno Creek,45.48793,-122.74137,WV,23805290,11.49009538,2.883506344,0.272776911,14.81530048,0,0,0,HIGH,HIGH,MOD,HIGH,LOW,LOW,LOW,MOST DISTURBED,W,NA,NA,MOST DISTURBED,USU,1/1/2021
33481FRV,Fairview Creek,45.53053,-122.44688,WV,23815106,9.974134856,1.477868913,4.252297494,6.271286797,1,0.123155743,0,HIGH,HIGH,MOD,MOD,MOD,HIGH,LOW,MOST DISTURBED,W,NA,NA,MOST DISTURBED,USU,1/1/2021
33488CLG,Claggett Creek,44.99041,-123.01483,WV,23792103,8.726229368,1.679261125,0.562516543,5.382806411,1,0.046646142,0,HIGH,HIGH,MOD,MOD,MOD,HIGH,LOW,MOST DISTURBED,W,NA,NA,MOST DISTURBED,USU,12/19/2023
33491MCN,McNulty Creek,45.84573,-122.83142,WV,23815138,3.683606598,1.14238387,18.73118827,20.41362647,0,0,0,MOD,MOD,MOD,HIGH,LOW,LOW,LOW,MOST DISTURBED,W,NA,NA,MOST DISTURBED,USU,12/19/2023
33502WLW,Willow Creek,45.53265,-122.83898,WV,23805716,10.97344379,2.498563326,0,14.02896657,0,0,0,HIGH,HIGH,LOW,HIGH,LOW,LOW,LOW,MOST DISTURBED,W,NA,NA,MOST DISTURBED,USU,1/1/2021
33505CLP,Calapooia River,44.39304,-122.99023,WV,23763585,3.040053374,0.48133708,13.72523503,0.725398966,8,0.004936791,0,MOD,MOD,MOD,LOW,MOD,HIGH,LOW,MOST DISTURBED,W,NA,NA,MOST DISTURBED,USU,1/1/2021
33506PRWK,Periwinkle Creek,44.61064,-123.06219,WV,23763901,2.095131002,0.918273646,86.31416682,3.506190491,0,0,41.22114643,MOD,MOD,HIGH,MOD,LOW,LOW,HIGH,MOST DISTURBED,W,NA,NA,MOST DISTURBED,USU,12/19/2023
33520SHFR,Shafer Creek,44.31025,-123.29706,WV,23765089,1.597228604,0.457686851,57.39962471,1.834566606,0,0,0,MOD,MOD,HIGH,MOD,LOW,LOW,LOW,MOST DISTURBED,W,NA,NA,MOST DISTURBED,USU,1/1/2021
33521DNW,Dunawi Creek,44.55027,-123.29222,WV,23764723,5.256506976,1.69153219,35.02440876,17.77469552,0,0,0,HIGH,HIGH,HIGH,HIGH,LOW,LOW,LOW,MOST DISTURBED,W,NA,NA,MOST DISTURBED,USU,1/1/2021
33523ABRN,Abernathy Creek,45.36259,-122.59261,WV,23791237,3.182148517,0.669084931,23.36651555,9.386570078,2,0.02389589,0,MOD,MOD,MOD,MOD,MOD,HIGH,LOW,MOST DISTURBED,W,NA,NA,MOST DISTURBED,USU,12/19/2023
33855TLTN,Tualatin River at rivermile 1.5 near West Linn,45.34597,-122.67222,WV,23804830,3.726578905,0.739176323,28.14380894,5.623591413,39,0.007081276,1.960134027,MOD,MOD,MOD,MOD,HIGH,HIGH,MOD,MOST DISTURBED,W,NA,NA,MOST DISTURBED,USU,1/1/2021
33905EAG,Eagle Creek at river mile 2.0,45.34497,-122.35564,WV,23809520,2.162544148,0.262859337,6.201335482,1.279233248,2,0.009387833,0,MOD,MOD,MOD,LOW,MOD,HIGH,LOW,MOST DISTURBED,W,NA,NA,MOST DISTURBED,USU,1/1/2021
34634MM,Miami R at RM 6.07 US of Peterson Cr,45.6055,-123.8761,CoRa,23876087,2.067004594,0.263123806,0.512145883,4.781746287,2,0.020240293,0,MOD,MOD,MOD,MOD,MOD,HIGH,LOW,MOST DISTURBED,W,NA,NA,MOST DISTURBED,USU,12/19/2023
34652LELK,Little Elk Cr at RM 8.18,44.6193,-123.6571,CoRa,23882042,5.449503921,0,0,8.710373922,0,0,0,HIGH,LOW,LOW,MOD,LOW,LOW,LOW,MOST DISTURBED,W,NA,NA,MOST DISTURBED,USU,1/1/2021
34722MILL,Mill Cr at RM 2.51,44.2079,-124.0717,CoRa,23887024,0.153008715,0,0,0.590411149,0,0,0,LOW,LOW,LOW,LOW,LOW,LOW,LOW,Ref_GIS.candidate,W,NA,NA,REFERENCE,USU,12/19/2023
34850AMZ,Amazon Creek at RM 5.82,44.1576,-123.23963,WV,23763259,6.081227022,0.565267886,31.18854571,6.620317578,6,0.03425866,24.428748,HIGH,MOD,HIGH,MOD,MOD,HIGH,HIGH,MOST DISTURBED,W,NA,NA,MOST DISTURBED,USU,1/1/2021
531-12-I,531-12-I:Bond 38,42.49444972,-119.6875237,NBR,24058291,0.208517459,0,0,0,0,0,0,LOW,LOW,LOW,LOW,LOW,LOW,LOW,Ref_GIS.candidate,E,3,Score,REFERENCE,USU,12/19/2023
AF-LS-1205,VAN HORN CREEK,42.063704,-118.670968,NBR,24075675,0.278524977,0.06924968,0,0,0,0,0,LOW,LOW,LOW,LOW,LOW,LOW,LOW,Ref_GIS.candidate,E,3,Score,REFERENCE,USU,12/19/2023
AFR-SS-1290,WILDHORSE CREEK,42.625316,-118.58625,NBR,24072959,0.029577414,0,0,0,0,0,0,LOW,LOW,LOW,LOW,LOW,LOW,LOW,Ref_GIS.candidate,E,2,Score,REFERENCE,USU,12/19/2023
AF-SS-1204,DENIO CREEK,42.048381,-118.698638,NBR,24075267,0.165592908,0,0,0,0,0,0,LOW,LOW,LOW,LOW,LOW,LOW,LOW,Ref_GIS.candidate,E,2,N,REFERENCE,USU,12/19/2023
AO-LS-1192,STONEHOUSE CREEK,42.078483,-118.737096,NBR,11300894,0,0,0,0,0,0,0,LOW,LOW,LOW,LOW,LOW,LOW,LOW,Ref_GIS.candidate,E,0,Score,REFERENCE,USU,12/19/2023
AO-SS-1140,EAST CREEK,42.064135,-118.716044,NBR,11844773,0,0,0,0,0,0,0,LOW,LOW,LOW,LOW,LOW,LOW,LOW,Ref_GIS.candidate,E,1,Score,REFERENCE,USU,12/19/2023
AR-LS-1233,SOUTH ANKLE CREEK,42.593093,-118.649079,NBR,24014023,0,0,0,0,0,0,0,LOW,LOW,LOW,LOW,LOW,LOW,LOW,Ref_GIS.candidate,E,1,Score,REFERENCE,USU,12/19/2023
AR-LS-1234,LITTLE BLITZEN RIVER,42.666791,-118.732024,NBR,24013713,0.439195672,0,0,0,0,0,0,LOW,LOW,LOW,LOW,LOW,LOW,LOW,Ref_GIS.candidate,E,NA,NA,REFERENCE,USU,12/19/2023
AR-LS-1246,INDIAN CREEK,42.645982,-118.708929,NBR,24013693,0.293109387,0,0,0,0,0,0,LOW,LOW,LOW,LOW,LOW,LOW,LOW,Ref_GIS.candidate,E,4,Score,REFERENCE,USU,12/19/2023
AR-SS-1245,MUD CREEK,42.608632,-118.705401,NBR,24013687,0,0,0,0,0,0,0,LOW,LOW,LOW,LOW,LOW,LOW,LOW,Ref_GIS.candidate,E,3,Score,REFERENCE,USU,12/19/2023
BA-TR-1000,KIGER CREEK,42.865428,-118.559609,NBR,24013967,0.504103868,0.096470955,0,0,0,0,0,LOW,LOW,LOW,LOW,LOW,LOW,LOW,Ref_GIS.candidate,E,3,Score,REFERENCE,USU,12/19/2023
BA-TR-1342,LITTLE STONEHOUSE,42.872927,-118.406356,NBR,24073285,0,0,0,0,0,0,0,LOW,LOW,LOW,LOW,LOW,LOW,LOW,Ref_GIS.candidate,E,3,Score,REFERENCE,USU,12/19/2023
BO-RV-1026,BURNT RIVER,44.547625,-117.687601,BM,24200077,2.265371213,0.691538157,1.241921129,1.376524401,23,0.002970525,9.752253527,MOD,MOD,MOD,LOW,HIGH,MOD,HIGH,MOST DISTURBED,E,NA,NA,MOST DISTURBED,USU,12/19/2023
BRF-SS-1164,GRANDE RONDE RIVER,45.733016,-117.781499,BM,23442331,1.727552565,0.363334567,11.11454664,1.055101596,66,0.002535586,7.337596296,MOD,MOD,MOD,LOW,HIGH,MOD,HIGH,MOST DISTURBED,E,NA,NA,MOST DISTURBED,USU,12/19/2023
BT-RV-1003,MALHEUR RIVER,43.699945,-118.276108,NBR,23413329,1.46483616,0.401218471,0.131228376,0.185988007,12,0.001581157,2.769203032,MOD,MOD,MOD,LOW,MOD,MOD,HIGH,MOST DISTURBED,E,NA,NA,MOST DISTURBED,USU,12/19/2023
BT-RV-1029,RIDDLE CREEK,43.114879,-118.609264,NBR,24003057,1.047366801,0.280613299,1.619435845,0,0,0,3.468299128,LOW,MOD,MOD,LOW,LOW,LOW,HIGH,MOST DISTURBED,E,NA,NA,MOST DISTURBED,USU,12/19/2023
BT-SS-1047,COYOTE CREEK,42.968348,-118.43976,NBR,24003099,1.126399658,0.086703949,0,0,0,0,0,LOW,LOW,LOW,LOW,LOW,LOW,LOW,Ref_GIS.candidate,E,5,Score,REFERENCE,USU,12/19/2023
COLUMB_BOAT,Columbia River,45.91448,-119.55376,ColPl,24233032,1.140669822,0.275985953,41.67098123,2.415004318,96,0.00336666,4.142881978,LOW,MOD,HIGH,MOD,HIGH,MOD,HIGH,MOST DISTURBED,E,NA,NA,MOST DISTURBED,USU,12/19/2023
DESHUTE:01,Deschutes River at Odin Falls,44.321833,-121.255933,BM,23700365,2.677139521,0.285517022,0.831385375,2.215184155,89,0.007454753,10.5399979,MOD,MOD,MOD,MOD,HIGH,HIGH,HIGH,MOST DISTURBED,E,NA,NA,MOST DISTURBED,USU,12/19/2023
DESHUTE:02,Deschutes River at Lower Bridge,44.3599,-121.292267,BM,23700355,2.677534919,0.283372923,0.865720648,2.204388059,105,0.007350789,10.45423195,MOD,MOD,MOD,MOD,HIGH,HIGH,HIGH,MOST DISTURBED,E,NA,NA,MOST DISTURBED,USU,12/19/2023
DESHUTE:03,Deschutes River at Steelhead Falls,44.416833,-121.290083,BM,23700321,2.702663938,0.308978508,1.532067974,2.221077876,121,0.008021075,13.22341278,MOD,MOD,MOD,MOD,HIGH,HIGH,HIGH,MOST DISTURBED,E,NA,NA,MOST DISTURBED,USU,12/19/2023
DESHUTE:04,Deschutes River at Culver,44.49805,-121.321717,BM,23700281,2.664512297,0.285776235,1.456192474,2.134848913,129,0.007922224,12.31264041,MOD,MOD,MOD,MOD,HIGH,HIGH,HIGH,MOST DISTURBED,E,NA,NA,MOST DISTURBED,USU,12/19/2023
DESHUTE:05,Deschutes River at Mile 125,44.443056,-121.315556,BM,23700325,2.691095303,0.308968228,1.600509196,2.217943544,122,0.008126379,13.20078681,MOD,MOD,MOD,MOD,HIGH,HIGH,HIGH,MOST DISTURBED,E,NA,NA,MOST DISTURBED,USU,12/19/2023
DFW_39720,Lobster Cr S Fk,44.23231,-123.6043,CoRa,23886602,4.245559916,0,0,11.3428917,0,0,0,MOD,LOW,LOW,HIGH,LOW,LOW,LOW,MOST DISTURBED,W,NA,NA,MOST DISTURBED,USU,1/1/2021
DFW_7057,Johnson Cr,43.68071,-123.2907,WV,24528332,5.179448421,0.553893874,1.107002641,3.435882165,0,0,0,HIGH,MOD,MOD,MOD,LOW,LOW,LOW,MOST DISTURBED,W,NA,NA,MOST DISTURBED,USU,1/1/2021
DFW_8329,Sutherlin Cr,43.38869,-123.3015,KlMt,23894832,3.206005065,0.62679299,37.19723888,3.857329148,0,0,0,MOD,MOD,HIGH,MOD,LOW,LOW,LOW,MOST DISTURBED,W,NA,NA,MOST DISTURBED,USU,1/1/2021
IN-LS-009,IN-LS-009:Willow Creek,44.652562,-121.187024,BM,23719755,2.010700578,0.541741156,6.77349514,2.879880257,6,0.003078075,12.65011312,MOD,MOD,MOD,MOD,MOD,MOD,HIGH,MOST DISTURBED,E,NA,NA,MOST DISTURBED,USU,1/1/2021
LK-LS-1002,ANTELOPE CREEK,42.023363,-121.086634,EC,2552961,0.886258622,0.16852353,1.630593724,0,0,0,6.503828164,LOW,MOD,MOD,LOW,LOW,LOW,HIGH,MOST DISTURBED,E,NA,NA,MOST DISTURBED,USU,1/1/2021
LK-LS-1003,EAST BRANCH LOST RIVER,42.0044,-121.126239,EC,2553133,0.904447993,0.198530872,1.216593844,0,0,0,5.42289991,LOW,MOD,MOD,LOW,LOW,LOW,HIGH,MOST DISTURBED,E,NA,NA,MOST DISTURBED,USU,1/1/2021
LL-RV-1034,DEEP CREEK,42.17178,-120.050275,NBR,24042775,1.667435467,0.409528478,0,0,0,0,3.992002676,MOD,MOD,LOW,LOW,LOW,LOW,HIGH,MOST DISTURBED,E,NA,NA,MOST DISTURBED,USU,12/19/2023
LL-RV-1035,HONEY CREEK,42.43082,-119.961385,NBR,24043085,1.410968996,0.394091893,0.011778984,0.111518521,0,0,9.68528422,MOD,MOD,MOD,LOW,LOW,LOW,HIGH,MOST DISTURBED,E,NA,NA,MOST DISTURBED,USU,12/19/2023
MN-RO-1081,MN-RO-1081: Powder River,44.950098,-117.714024,BM,24208001,2.037230127,0.671928383,14.80578827,1.583380086,63,0.007856393,17.05428306,MOD,MOD,MOD,LOW,HIGH,HIGH,HIGH,MOST DISTURBED,E,NA,NA,MOST DISTURBED,USU,12/19/2023
MN-RO-1082,Crooked River,44.20248,-120.87611,BM,23713964,1.380779027,0.313647084,0.803131796,0.288770427,40,0.001425021,0,MOD,MOD,MOD,LOW,HIGH,MOD,LOW,MOST DISTURBED,E,NA,NA,MOST DISTURBED,USU,1/1/2021
MN-RO-1084,Powder River,44.8106,-117.35,BM,24207833,1.985411584,0.640858157,11.94549016,1.491040627,77,0.006092359,16.54501093,MOD,MOD,MOD,LOW,HIGH,HIGH,HIGH,MOST DISTURBED,E,NA,NA,MOST DISTURBED,USU,1/1/2021
MO-LS-1001,OREGON CANYON CREEK,42.203249,-117.990037,NBR,11845665,0.309857091,0,0,0,0,0,0,LOW,LOW,LOW,LOW,LOW,LOW,LOW,Ref_GIS.candidate,E,11,Score,REFERENCE,USU,1/1/2021
MO-SS-1004,SAGE CREEK,42.005341,-118.215727,NBR,11845035,0.623898138,0,0,0,0,0,0,LOW,LOW,LOW,LOW,LOW,LOW,LOW,Ref_GIS.candidate,E,4,Score,REFERENCE,USU,12/19/2023
MO-SS-1069,DRY CREEK,42.309219,-118.026125,NBR,24075579,0.750298096,0,0,0,0,0,0,LOW,LOW,LOW,LOW,LOW,LOW,LOW,Ref_GIS.candidate,E,2,Score,REFERENCE,USU,12/19/2023
MP-SS-2071,BAR CREEK,43.070766,-123.672361,KlMt,23915803,4.920931161,1.134558657,0,9.057124345,0,0,0,HIGH,MOD,LOW,MOD,LOW,LOW,LOW,MOST DISTURBED,W,NA,NA,MOST DISTURBED,USU,12/19/2023
MP-SS-2078,MP-SS-2078: Rogers Creek,44.885368,-123.631233,CoRa,23881146,7.717338859,0,0,13.55261675,0,0,0,HIGH,LOW,LOW,HIGH,LOW,LOW,LOW,MOST DISTURBED,W,NA,NA,MOST DISTURBED,USU,12/19/2023
MP-SS-2080,MP-SS-2080: North Fork Silver Creek,42.541093,-123.725839,KlMt,23945499,3.71458691,0,0,13.02715057,1,0,0,MOD,LOW,LOW,HIGH,MOD,LOW,LOW,MOST DISTURBED,W,NA,NA,MOST DISTURBED,USU,12/19/2023
MP-SS-2100,MP-SS-2100: Hog Creek,42.592742,-123.506698,KlMt,23940717,2.899963329,1.73882803,0,5.456867287,0,0,0,MOD,HIGH,LOW,MOD,LOW,LOW,LOW,MOST DISTURBED,W,NA,NA,MOST DISTURBED,USU,12/19/2023
MP-SS-2108,MP-SS-2108: Rock Creek,42.131844,-123.298883,KlMt,23935911,0,0,0,0,0,0,0,LOW,LOW,LOW,LOW,LOW,LOW,LOW,Ref_GIS.candidate,W,0,Score,REFERENCE,USU,12/19/2023
NO-RO-9200,NO-RO-9200: South Fork Owyhee River,41.822138,-116.537091,NBR,23334116,0.537025774,0.140614651,1.411554392,0.318638898,10,0,3.462718359,LOW,MOD,MOD,LOW,MOD,LOW,HIGH,MOST DISTURBED,E,NA,NA,MOST DISTURBED,USU,12/19/2023
NorthEcho,Umatilla River,45.74756,-119.20347,ColPl,23647964,1.20453464,0.246472531,24.1158477,1.936362321,36,0.002478495,0.640989446,MOD,MOD,MOD,MOD,HIGH,MOD,MOD,MOST DISTURBED,E,NA,NA,MOST DISTURBED,USU,12/19/2023
ORALS-1024,Alsea River/Eckman Creek,44.36263,-124.01111,CoRa,23886256,5.059531901,1.356668023,0,6.385451076,0,0,0,HIGH,HIGH,LOW,MOD,LOW,LOW,LOW,MOST DISTURBED,W,NA,NA,MOST DISTURBED,USU,12/19/2023
ORBAD1005,UPPER BADGER CREEK,45.28212,-121.465,EC,23718863,0.316442429,0,0,0,0,0,0,LOW,LOW,LOW,LOW,LOW,LOW,LOW,Ref_GIS.candidate,E,7,Score,REFERENCE,USU,12/19/2023
ORBAD1007,UPPER BADGER CREEK,45.29165,-121.4821,Ca,23718867,0.341290284,0,0,0,0,0,0,LOW,LOW,LOW,LOW,LOW,LOW,LOW,Ref_GIS.candidate,W,7,Score,REFERENCE,USU,12/19/2023
ORBAD1015,UPPER BADGER CREEK,45.28794,-121.4776,EC,23718867,0.332389023,0,0,0,0,0,0,LOW,LOW,LOW,LOW,LOW,LOW,LOW,Ref_GIS.candidate,E,6,Score,REFERENCE,USU,1/1/2021
ORBDR-1019,Boulder Creek,42.18693,-124.03843,KlMt,23949707,2.297860538,1.654670307,0,1.866363649,0,0,0,MOD,HIGH,LOW,MOD,LOW,LOW,LOW,MOST DISTURBED,W,NA,NA,MOST DISTURBED,USU,1/1/2021
ORBES1003,UPPER MIDDLE FORK ROGUE RIVER,42.72131,-122.2779,Ca,23923572,0.012175479,0,0,0,0,0,0,LOW,LOW,LOW,LOW,LOW,LOW,LOW,Ref_GIS.candidate,W,2.333333333,Score,REFERENCE,USU,12/19/2023
ORBES1016,UPPER MIDDLE FORK ROGUE RIVER,42.72058,-122.2499,Ca,23923574,0.005202574,0,0,0,0,0,0,LOW,LOW,LOW,LOW,LOW,LOW,LOW,Ref_GIS.candidate,W,1,Score,REFERENCE,USU,12/19/2023
ORBES1019,UPPER MIDDLE FORK ROGUE RIVER,42.72069,-122.2568,Ca,23923572,0.005049221,0,0,0,0,0,0,LOW,LOW,LOW,LOW,LOW,LOW,LOW,Ref_GIS.candidate,W,1,Score,REFERENCE,USU,12/19/2023
ORCLR-1005,Fish Creek Headwaters,43.10506,-122.39822,Ca,23894328,0.61289964,0,0,0,0,0,0,LOW,LOW,LOW,LOW,LOW,LOW,LOW,Ref_GIS.candidate,W,2,Score,REFERENCE,USU,12/19/2023
ORCYN-1002,Canyon Creek,44.5021,-121.7947,Ca,23700209,0,0,0,0,0,0,0,LOW,LOW,LOW,LOW,LOW,LOW,LOW,Ref_GIS.candidate,W,1.333333333,Score,REFERENCE,USU,12/19/2023
ORCYN-1007,Canyon Creek,44.4998,-121.8016,Ca,23700209,0,0,0,0,0,0,0,LOW,LOW,LOW,LOW,LOW,LOW,LOW,Ref_GIS.candidate,W,1,Score,REFERENCE,USU,1/1/2021
ORCYN-1014,Canyon Creek,44.5031,-121.7777,Ca,23700207,0,0,0,0,0,0,0,LOW,LOW,LOW,LOW,LOW,LOW,LOW,Ref_GIS.candidate,W,2,Score,REFERENCE,USU,12/19/2023
ORCYN-1015,Canyon Creek,44.506,-121.7863,Ca,23700207,0,0,0,0,0,0,0,LOW,LOW,LOW,LOW,LOW,LOW,LOW,Ref_GIS.candidate,W,1,Score,REFERENCE,USU,12/19/2023
OREFA-1001,East Fork Annie Creek,42.84003,-122.11756,Ca,24092072,0.142462632,0.10251994,0,0.360500531,0,0,0,LOW,LOW,LOW,LOW,LOW,LOW,LOW,Ref_GIS.candidate,W,2,Score,REFERENCE,USU,1/1/2021
ORFSR-1003,North Fork of Middle Fork Willamette/Fisher Creek,43.8664,-122.138,Ca,23752538,0.01356813,0,0,0,0,0,0,LOW,LOW,LOW,LOW,LOW,LOW,LOW,Ref_GIS.candidate,W,2,Score,REFERENCE,USU,12/19/2023
ORHFM-1005,Headwaters Fifteenmile Creek,45.3509,-121.4814,Ca,24504702,0.654509353,0,0,0,0,0,0,LOW,LOW,LOW,LOW,LOW,LOW,LOW,Ref_GIS.candidate,W,2,Score,REFERENCE,USU,12/19/2023
ORHOT-1009,"Upper Hot Springs Fork Collawash, Site 1009",44.89611,-122.14905,Ca,23809232,0,0,0,0,0,0,0,LOW,LOW,LOW,LOW,LOW,LOW,LOW,Ref_GIS.candidate,W,3,Score,REFERENCE,USU,12/19/2023
ORHOT-1010,"Upper Hot Springs Fork Collawash, Site 1010",44.88996,-122.14363,Ca,23809232,0,0,0,0,0,0,0,LOW,LOW,LOW,LOW,LOW,LOW,LOW,Ref_GIS.candidate,W,NA,NA,REFERENCE,USU,12/19/2023
ORKSY1019,KELSEY CREEK,42.75318,-123.7359,KlMt,23940855,3.979562227,0.273089737,0,10.3791053,0,0,0,MOD,MOD,LOW,HIGH,LOW,LOW,LOW,MOST DISTURBED,W,NA,NA,MOST DISTURBED,USU,12/19/2023
ORKSY-6007,"Kelsey Creek, Site 6007",42.75965,-123.7055,KlMt,23940857,4.737466905,0.582038298,0,12.3708884,0,0,0,MOD,MOD,LOW,HIGH,LOW,LOW,LOW,MOST DISTURBED,W,NA,NA,MOST DISTURBED,USU,1/1/2021
ORNBT1032,LOWER NORTH FORK LITTLE BUTTE CREEK,42.39456,-122.51,KlMt,23923174,1.95601564,0.276409551,0,2.020268002,0,0,11.79565883,MOD,MOD,LOW,MOD,LOW,LOW,HIGH,MOST DISTURBED,W,NA,NA,MOST DISTURBED,USU,12/19/2023
ORNBT9009,LOWER NORTH FORK LITTLE BUTTE CREEK,42.38913,-122.481,KlMt,23923174,1.922906768,0.254591744,0,2.141701868,0,0,12.90500095,MOD,MOD,LOW,MOD,LOW,LOW,HIGH,MOST DISTURBED,W,NA,NA,MOST DISTURBED,USU,12/19/2023
ORNBT9020,LOWER NORTH FORK LITTLE BUTTE CREEK,42.39245,-122.5047,KlMt,23923174,1.919834486,0.268689902,0,2.017295342,0,0,11.99613003,MOD,MOD,LOW,MOD,LOW,LOW,HIGH,MOST DISTURBED,W,NA,NA,MOST DISTURBED,USU,1/1/2021
ORSEP-1004,Upper Separation Creek,44.09411,-121.85662,Ca,23773305,0,0,0,0,0,0,0,LOW,LOW,LOW,LOW,LOW,LOW,LOW,Ref_GIS.candidate,W,0,Score,REFERENCE,USU,12/19/2023
ORST97-105,Camp Creek,45.5762,-118.3179,BM,23648960,0.889766279,0.037100107,0,0,0,0,0,LOW,LOW,LOW,LOW,LOW,LOW,LOW,Ref_GIS.candidate,E,2,Score,REFERENCE,USU,1/1/2021
ORSTL-1010,Still Creek,45.31056,-121.72802,Ca,23735945,1.528447424,1.515840534,0,5.786333476,0,0,0,MOD,HIGH,LOW,MOD,LOW,LOW,LOW,MOST DISTURBED,W,NA,NA,MOST DISTURBED,USU,12/19/2023
ORUWB1009,WHITE BRANCH,44.18323,-121.8655,Ca,23773323,0,0,0,0,0,0,0,LOW,LOW,LOW,LOW,LOW,LOW,LOW,Ref_GIS.candidate,W,1,Score,REFERENCE,USU,12/19/2023
ORUWC-1005,Upper West Fork Cow Creek,42.8077,-123.85895,CoRa,23901199,3.409972122,1.458151064,0,2.987603105,0,0,0,MOD,HIGH,LOW,MOD,LOW,LOW,LOW,MOST DISTURBED,W,NA,NA,MOST DISTURBED,USU,12/19/2023
PIBO:0850,Meadow Creek,44.999069,-117.17082,BM,24193924,2.873266507,1.490924,0,0,0,0,0,MOD,HIGH,LOW,LOW,LOW,LOW,LOW,MOST DISTURBED,E,NA,NA,MOST DISTURBED,USU,12/19/2023
PIBO:0883,Horse Creek,45.603849,-116.75935,BM,24224177,0.341924891,0.012658628,0,0.480661056,0,0,0,LOW,LOW,LOW,LOW,LOW,LOW,LOW,Ref_GIS.candidate,E,2,Score,REFERENCE,USU,12/19/2023
PIBO:0886,Cottonwood Creek,45.916156,-117.00939,BM,23442681,0.920395667,0.085098597,0,0,0,0,0,LOW,LOW,LOW,LOW,LOW,LOW,LOW,Ref_GIS.candidate,E,5,Score,REFERENCE,USU,12/19/2023
PIBO:0892,Freezout Creek,45.371685,-116.761213,BM,24224161,0.398181445,0.084290025,0,0,0,0,0,LOW,LOW,LOW,LOW,LOW,LOW,LOW,Ref_GIS.candidate,E,5,Score,REFERENCE,USU,12/19/2023
PIBO:0895,Cliff Creek,45.098794,-117.23468,BM,24224151,0,0,0,0,0,0,0,LOW,LOW,LOW,LOW,LOW,LOW,LOW,Ref_GIS.candidate,E,1,Score,REFERENCE,USU,12/19/2023
PIBO:0900,West Fork Wallowa Creek,45.219636,-117.23614,BM,23437457,0,0,0,0,0,0,0,LOW,LOW,LOW,LOW,LOW,LOW,LOW,Ref_GIS.candidate,E,1,Score,REFERENCE,USU,12/19/2023
PIBO:0901,East Fork Lostine Creek,45.229408,-117.35795,BM,23437329,0,0,0,0,0,0,0,LOW,LOW,LOW,LOW,LOW,LOW,LOW,Ref_GIS.candidate,E,1,Score,REFERENCE,USU,1/1/2021
PIBO:0904,Little Minam Creek,45.383601,-117.67254,BM,23437019,0.12298892,0,0,0,0,0,0,LOW,LOW,LOW,LOW,LOW,LOW,LOW,Ref_GIS.candidate,E,NA,NA,REFERENCE,USU,12/19/2023
PIBO:0910,Camp Creek,45.576666,-118.31878,BM,23648960,0.891450503,0.037075348,0,0,0,0,0,LOW,LOW,LOW,LOW,LOW,LOW,LOW,Ref_GIS.candidate,E,3,Score,REFERENCE,USU,12/19/2023
PIBO:0927,Rock Creek,44.840833,-118.13749,BM,24208245,0,0,0,0,0,0,0,LOW,LOW,LOW,LOW,LOW,LOW,LOW,Ref_GIS.candidate,E,1,Score,REFERENCE,USU,12/19/2023
PIBO:0930,Sutton Creek,44.60085,-117.75438,BM,24208531,5.777458205,0.255193181,0,0,0,0,0,HIGH,MOD,LOW,LOW,LOW,LOW,LOW,MOST DISTURBED,E,NA,NA,MOST DISTURBED,USU,12/19/2023
PIBO:0932,Dutch Flat Creek,44.958861,-118.12664,BM,24208721,0.002772647,0,0,0,0,0,0,LOW,LOW,LOW,LOW,LOW,LOW,LOW,Ref_GIS.candidate,E,3,Score,REFERENCE,USU,12/19/2023
PIBO:0998,Ruby Creek,44.776108,-118.49346,BM,23673433,0.315434465,0.082795165,0,0,0,0,0,LOW,LOW,LOW,LOW,LOW,LOW,LOW,Ref_GIS.candidate,E,1,Score,REFERENCE,USU,12/19/2023
PIBO:1000,Silver Creek,44.880379,-118.57966,BM,23671181,0.085456961,0,0,0,0,0,0,LOW,LOW,LOW,LOW,LOW,LOW,LOW,Ref_GIS.candidate,E,3,Score,REFERENCE,USU,12/19/2023
PIBO:1007,Baldy Creek,44.899491,-118.30782,BM,23671681,0.393015524,0.041521342,0,0,0,0,0,LOW,LOW,LOW,LOW,LOW,LOW,LOW,Ref_GIS.candidate,E,5,Score,REFERENCE,USU,12/19/2023
PIBO:1110,Ditch Creek,44.957183,-119.34197,BM,23671519,2.238972914,0.274169227,0,1.254578149,1,0,2.868975001,MOD,MOD,LOW,LOW,MOD,LOW,HIGH,MOST DISTURBED,E,NA,NA,MOST DISTURBED,USU,12/19/2023
PIBO:1128,Columbia Creek,41.699873,-116.07188,NBR,23334796,0.119723056,0,0,0,0,0,0,LOW,LOW,LOW,LOW,LOW,LOW,LOW,Ref_GIS.candidate,E,0,Score,REFERENCE,USU,1/1/2021
PIBO:1176,Mud Creek,42.601034,-118.70863,NBR,24013685,0,0,0,0,0,0,0,LOW,LOW,LOW,LOW,LOW,LOW,LOW,Ref_GIS.candidate,E,1,Score,REFERENCE,USU,12/19/2023
PIBO:1185,Oregon Canyon Creek,42.212659,-117.99316,NBR,11845665,0.291458841,0,0,0,0,0,0,LOW,LOW,LOW,LOW,LOW,LOW,LOW,Ref_GIS.candidate,E,2,Score,REFERENCE,USU,1/1/2021
PIBO:1434,Big Creek,45.004213,-117.5831,BM,24207967,3.850564029,0.938229327,0,0,0,0,8.727823917,MOD,MOD,LOW,LOW,LOW,LOW,HIGH,MOST DISTURBED,E,NA,NA,MOST DISTURBED,USU,12/19/2023
PIBO:1436,Chaparral Stream Creek,45.340156,-117.59399,BM,23438027,0,0,0,0,0,0,0,LOW,LOW,LOW,LOW,LOW,LOW,LOW,Ref_GIS.candidate,E,1,Score,REFERENCE,USU,12/19/2023
PIBO:1439,Minam Creek,45.178051,-117.45924,BM,23437101,0,0,0,0,0,0,0,LOW,LOW,LOW,LOW,LOW,LOW,LOW,Ref_GIS.candidate,E,1,Score,REFERENCE,USU,12/19/2023
PIBO:1446,North Fork Minam Creek,45.26841,-117.46301,BM,23437129,0,0,0,0,0,0,0,LOW,LOW,LOW,LOW,LOW,LOW,LOW,Ref_GIS.candidate,E,1.333333333,Score,REFERENCE,USU,12/19/2023
PIBO:1457,Owens Creek,45.2159,-118.83431,BM,23671423,2.005830698,0.240900002,0,0,0,0,20.53247903,MOD,MOD,LOW,LOW,LOW,LOW,HIGH,MOST DISTURBED,E,NA,NA,MOST DISTURBED,USU,12/19/2023
PIBO:1491,upper hay,45.36533783,-120.2877749,ColPl,23686848,0.834376487,0.21696092,34.58343971,2.120997031,2,0.006780029,0,LOW,MOD,HIGH,MOD,MOD,HIGH,LOW,MOST DISTURBED,E,NA,NA,MOST DISTURBED,USU,12/19/2023
PIBO:1548,North Fork Wenaha Creek,45.953348,-117.80058,BM,23442243,0.300628736,0.014101826,0,0.843416466,0,0,0,LOW,LOW,LOW,LOW,LOW,LOW,LOW,Ref_GIS.candidate,E,4,Score,REFERENCE,USU,12/19/2023
PIBO:1672,Beaver Creek,45.95674,-117.79177,BM,23442235,0.138628652,0,0,0,0,0,0,LOW,LOW,LOW,LOW,LOW,LOW,LOW,Ref_GIS.candidate,E,3,Score,REFERENCE,USU,12/19/2023
PIBO:1880,South Fork Walla Walla,45.829107,-118.14617,BM,23637852,0.517350422,0.028938765,0,0.609664819,0,0,0,LOW,LOW,LOW,LOW,LOW,LOW,LOW,Ref_GIS.candidate,E,NA,NA,REFERENCE,USU,12/19/2023
PIBO:1890,Indian Creek,44.361854,-118.74251,BM,23822603,0.040731001,0,0,0,0,0,0,LOW,LOW,LOW,LOW,LOW,LOW,LOW,Ref_GIS.candidate,E,1,Score,REFERENCE,USU,12/19/2023
PIBO:1903,Indian Ford Creek,44.3567,-121.61472,EC,23700295,4.09222068,0.213880868,0.635791642,7.428491304,1,0.023764541,0,MOD,MOD,MOD,MOD,MOD,HIGH,LOW,MOST DISTURBED,E,NA,NA,MOST DISTURBED,USU,12/19/2023
PIBO:2217,Hurricane Creek,45.299056,-117.307694,BM,23437389,0,0,0,0,0,0,0,LOW,LOW,LOW,LOW,LOW,LOW,LOW,Ref_GIS.candidate,E,3,Score,REFERENCE,USU,12/19/2023
PIBO:2269,Big Sheep Creek,45.179158,-117.112083,BM,24223999,0,0,0,0,0,0,0,LOW,LOW,LOW,LOW,LOW,LOW,LOW,Ref_GIS.candidate,E,1,Score,REFERENCE,USU,12/19/2023
PIBO:2291,Bear Creek,45.434,-117.546583,BM,23437223,0.06764511,0.010620142,0,0,0,0,0,LOW,LOW,LOW,LOW,LOW,LOW,LOW,Ref_GIS.candidate,E,3,Score,REFERENCE,USU,1/1/2021
PIBO:3073,John Day,44.578845,-119.644871,BM,23821791,1.450689368,0.382319865,0.181763566,1.003298895,47,0.001354372,1.767166952,MOD,MOD,MOD,LOW,HIGH,MOD,MOD,MOST DISTURBED,E,NA,NA,MOST DISTURBED,USU,12/19/2023
PIBO:3074,John Day,44.574695,-119.646357,BM,23821791,1.450575943,0.382348695,0.181777272,1.003102706,47,0.001354474,1.76741826,MOD,MOD,MOD,LOW,HIGH,MOD,MOD,MOST DISTURBED,E,NA,NA,MOST DISTURBED,USU,12/19/2023
PIBO:3075,John Day,44.567196,-119.646216,BM,23821793,1.452148094,0.38289754,0.182038206,1.003986858,47,0.001356418,1.769733054,MOD,MOD,MOD,LOW,HIGH,MOD,MOD,MOST DISTURBED,E,NA,NA,MOST DISTURBED,USU,12/19/2023
PIBO:3076,John Day,44.561671,-119.647281,BM,23821793,1.452908909,0.383130859,0.182241358,1.004766089,47,0.001357932,1.771543554,MOD,MOD,MOD,LOW,HIGH,MOD,MOD,MOST DISTURBED,E,NA,NA,MOST DISTURBED,USU,12/19/2023
PIBO:3077,John Day,44.557497,-119.641573,BM,23821795,1.453747665,0.382953794,0.181610142,1.005476308,47,0.001359369,1.773156586,MOD,MOD,MOD,LOW,HIGH,MOD,MOD,MOST DISTURBED,E,NA,NA,MOST DISTURBED,USU,12/19/2023
PIBO:3078,John Day,44.550814,-119.641803,BM,23821795,1.453926996,0.383059173,0.180216435,1.005373869,47,0.001359744,1.773458995,MOD,MOD,MOD,LOW,HIGH,MOD,MOD,MOST DISTURBED,E,NA,NA,MOST DISTURBED,USU,12/19/2023
PIBO:3521,Box Creek,42.39725878,-119.7421105,NBR,24058789,0,0,0,0,0,0,0,LOW,LOW,LOW,LOW,LOW,LOW,LOW,Ref_GIS.candidate,E,1,Score,REFERENCE,USU,12/19/2023
PIBO:3558,Upper Willow 50,42.52409156,-119.7322106,NBR,24057437,0.309157603,0,0,0,0,0,0,LOW,LOW,LOW,LOW,LOW,LOW,LOW,Ref_GIS.candidate,E,1,Score,REFERENCE,USU,12/19/2023
p-NVW04485-084,Butte Creek,41.96099854,-118.3919983,NBR,24075771,0,0,0,0,0,0,0,LOW,LOW,LOW,LOW,LOW,LOW,LOW,Ref_GIS.candidate,E,1,Score,REFERENCE,USU,12/19/2023
PR-LS-10191,PR-LS-10191:White River,45.138866,-121.409029,EC,23718987,1.886113335,0.277418765,0.001207077,1.522833352,4,0,11.66125296,MOD,MOD,MOD,LOW,MOD,LOW,HIGH,MOST DISTURBED,E,NA,NA,MOST DISTURBED,USU,12/19/2023
PR-LS-11215,PR-LS-11215:White River,45.145912,-121.339889,ColPl,23718983,1.842439301,0.279023527,0.046711656,1.417451828,4,0,10.7832264,MOD,MOD,MOD,LOW,MOD,LOW,HIGH,MOST DISTURBED,E,NA,NA,MOST DISTURBED,USU,12/19/2023
PR-LS-16415,LITTLE DESCHUTES RIVER,43.685059,-121.508585,EC,23706200,2.731155582,0.281710074,0.160261635,1.200726411,17,0.001791479,5.869019539,MOD,MOD,MOD,LOW,HIGH,MOD,HIGH,MOST DISTURBED,E,NA,NA,MOST DISTURBED,USU,1/1/2021
PR-RV-10175,PR-RV-10175:North Fork John Day River,44.971798,-119.280774,BM,23670813,1.793473136,0.364206835,0.051900024,0.818067921,25,0.001353929,0.798630303,MOD,MOD,MOD,LOW,HIGH,MOD,MOD,MOST DISTURBED,E,NA,NA,MOST DISTURBED,USU,12/19/2023
PR-RV-10239,PR-RV-10239:John Day River,44.813058,-120.377205,BM,23685940,1.621807354,0.393908267,0.238656228,0.944264754,122,0.000809678,0.934862935,MOD,MOD,MOD,LOW,HIGH,MOD,MOD,MOST DISTURBED,E,NA,NA,MOST DISTURBED,USU,12/19/2023
PR-RV-10751,PR-RV-10751:John Day River,45.216193,-120.528574,ColPl,23685648,1.527178846,0.371610305,1.072439586,0.889596715,134,0.000752013,0.806013857,MOD,MOD,MOD,LOW,HIGH,MOD,MOD,MOST DISTURBED,E,NA,NA,MOST DISTURBED,USU,1/1/2021
PR-RV-11039,PR-RV-11039:Crooked River,44.110014,-120.794596,BM,23713968,1.366015848,0.316904844,0.799968055,0.244720706,38,0.001303539,0,MOD,MOD,MOD,LOW,HIGH,MOD,LOW,MOST DISTURBED,E,NA,NA,MOST DISTURBED,USU,12/19/2023
PR-RV-11087,PR-RV-11087:John Day River,45.480964,-120.459238,ColPl,23685564,1.499481038,0.362485134,1.804489563,0.891261398,137,0.000724859,0.778987953,MOD,MOD,MOD,LOW,HIGH,MOD,MOD,MOST DISTURBED,E,NA,NA,MOST DISTURBED,USU,1/1/2021
PR-RV-12799,JOHN DAY RIVER,45.128047,-120.464233,ColPl,23685762,1.565627462,0.383281055,0.447262771,0.912778983,128,0.000742553,0.860599652,MOD,MOD,MOD,LOW,HIGH,MOD,MOD,MOST DISTURBED,E,NA,NA,MOST DISTURBED,USU,12/19/2023
PR-RV-12991,JOHN DAY RIVER,44.771693,-120.07012,BM,23686192,1.67632439,0.405615322,0.211765442,0.960769876,114,0.000897048,0.976421929,MOD,MOD,MOD,LOW,HIGH,MOD,MOD,MOST DISTURBED,E,NA,NA,MOST DISTURBED,USU,12/19/2023
PR-RV-13055,JOHN DAY RIVER,45.643318,-120.490011,ColPl,23685408,1.451166814,0.353262825,5.175801912,0.997324113,175,0.000833051,0.688588363,MOD,MOD,MOD,LOW,HIGH,MOD,MOD,MOST DISTURBED,E,NA,NA,MOST DISTURBED,USU,1/1/2021
PR-RV-14159,JOHN DAY RIVER,45.381072,-120.531405,ColPl,23685586,1.503307998,0.364377406,1.612959893,0.88345556,137,0.00073044,0.784204917,MOD,MOD,MOD,LOW,HIGH,MOD,MOD,MOST DISTURBED,E,NA,NA,MOST DISTURBED,USU,12/19/2023
PR-RV-14271,NORTH FORK JOHN DAY RIVER,44.947564,-119.292565,BM,23670799,1.795831013,0.35880682,0.04920969,0.826202902,26,0.001283745,0.808493068,MOD,MOD,MOD,LOW,HIGH,MOD,MOD,MOST DISTURBED,E,NA,NA,MOST DISTURBED,USU,1/1/2021
PR-RV-14335,JOHN DAY RIVER,44.79692,-120.392736,BM,23685946,1.622603212,0.394168167,0.238813692,0.944887777,122,0.000810212,0.93551245,MOD,MOD,MOD,LOW,HIGH,MOD,MOD,MOST DISTURBED,E,NA,NA,MOST DISTURBED,USU,12/19/2023
PR-RV-14415,JOHN DAY RIVER,45.530453,-120.362893,ColPl,23685514,1.484129204,0.358437952,2.322957747,0.903625658,139,0.000764726,0.764548834,MOD,MOD,MOD,LOW,HIGH,MOD,MOD,MOST DISTURBED,E,NA,NA,MOST DISTURBED,USU,1/1/2021
PR-RV-14847,JOHN DAY,45.221453,-120.544465,ColPl,23685648,1.527051964,0.371551655,1.072270324,0.889456312,134,0.000751895,0.80584769,MOD,MOD,MOD,LOW,HIGH,MOD,MOD,MOST DISTURBED,E,NA,NA,MOST DISTURBED,USU,1/1/2021
PR-SS-11743,PR-SS-11743:Mud Creek,44.585795,-120.208377,BM,23690198,1.392096498,0.222071897,0.741454822,1.282797859,0,0,10.23711668,MOD,MOD,MOD,LOW,LOW,LOW,HIGH,MOST DISTURBED,E,NA,NA,MOST DISTURBED,USU,12/19/2023
PSF-RV-1001,LITTLE DESCHUTES RIVER,43.779237,-121.47039,EC,23706184,2.742516837,0.270456225,0.244447307,1.419903934,27,0.004274452,5.36217566,MOD,MOD,MOD,LOW,HIGH,MOD,HIGH,MOST DISTURBED,E,NA,NA,MOST DISTURBED,USU,1/1/2021
PWS-SR-1011,CROOKED RIVER,44.47851,-121.302103,BM,23713916,1.597232431,0.352344048,2.38982572,0.724159797,99,0.002625641,5.423402367,MOD,MOD,MOD,LOW,HIGH,MOD,HIGH,MOST DISTURBED,E,NA,NA,MOST DISTURBED,USU,1/1/2021
PWS-SR-1253,CROOKED RIVER,44.431566,-121.238292,BM,23713918,1.593640542,0.35308204,2.364562939,0.71594895,99,0.002634306,5.383597011,MOD,MOD,MOD,LOW,HIGH,MOD,HIGH,MOST DISTURBED,E,NA,NA,MOST DISTURBED,USU,1/1/2021
PWS-SR-21951,NORTH FORK JOHN DAY RIVER,44.991977,-119.091223,BM,23670851,1.781019484,0.361595552,0.057514558,0.879449908,25,0.001500396,0.885302018,MOD,MOD,MOD,LOW,HIGH,MOD,MOD,MOST DISTURBED,E,NA,NA,MOST DISTURBED,USU,12/19/2023
PWS-SR-28751,WHITE RIVER,45.224204,-121.187572,ColPl,23718923,1.723650991,0.353531125,2.576578752,1.277878349,7,0,9.643988579,MOD,MOD,MOD,LOW,MOD,LOW,HIGH,MOST DISTURBED,E,NA,NA,MOST DISTURBED,USU,12/19/2023
PWS-SR-29119,NORTH FORK JOHN DAY RIVER,44.981326,-119.192952,BM,23670827,1.805505061,0.36833752,0.05499298,0.840892693,25,0.001434615,0.847667886,MOD,MOD,MOD,LOW,HIGH,MOD,MOD,MOST DISTURBED,E,NA,NA,MOST DISTURBED,USU,12/19/2023
PWS-SR-44063,CROOKED RIVER,44.130378,-120.822356,BM,23713966,1.367326668,0.316906516,0.798512471,0.248552525,38,0.001301167,0,MOD,MOD,MOD,LOW,HIGH,MOD,LOW,MOST DISTURBED,E,NA,NA,MOST DISTURBED,USU,12/19/2023
PWS-SR-52255,CROOKED RIVER,44.161666,-120.831301,BM,23713966,1.371793373,0.315279497,0.794412856,0.268470493,40,0.001438319,0,MOD,MOD,MOD,LOW,HIGH,MOD,LOW,MOST DISTURBED,E,NA,NA,MOST DISTURBED,USU,12/19/2023
PWS-SR-53023,DESCHUTES RIVER,44.41317,-121.29353,BM,23700321,2.702798547,0.309002162,1.532185913,2.221202793,121,0.008021689,13.2268452,MOD,MOD,MOD,MOD,HIGH,HIGH,HIGH,MOST DISTURBED,E,NA,NA,MOST DISTURBED,USU,12/19/2023
PWS-SR-62239,DESCHUTES RIVER,44.361546,-121.259941,BM,23700365,2.674634364,0.283912318,0.867126686,2.206830855,105,0.007364781,10.47977604,MOD,MOD,MOD,MOD,HIGH,HIGH,HIGH,MOST DISTURBED,E,NA,NA,MOST DISTURBED,USU,12/19/2023
PWS-SR-68991,NORTH FORK JOHN DAY RIVER,44.905771,-119.374623,BM,23670789,2.028014932,0.461391515,0.067760871,0.816982004,46,0.00076516,0.681165048,MOD,MOD,MOD,LOW,HIGH,MOD,MOD,MOST DISTURBED,E,NA,NA,MOST DISTURBED,USU,12/19/2023
TM-JODY-7212,Jody Creek - Little South Fork Kilchis trib.,45.54386088,-123.7501722,CoRa,0,0.214135252,0,0,0,0,0,0,LOW,LOW,LOW,LOW,LOW,LOW,LOW,Ref_GIS.candidate,W,0,Score,REFERENCE,USU,12/19/2023
TM-RUTH-11112,Ruth Creek -,45.53907051,-123.7435633,CoRa,0,0,0,0,0,0,0,0,LOW,LOW,LOW,LOW,LOW,LOW,LOW,Ref_GIS.candidate,W,0,Score,REFERENCE,USU,12/19/2023
TM-UNT-6312,UNT to Middle Fork North Fork Trask River - T01S-R06W-S29,45.46000644,-123.454938,CoRa,0,0.712973398,0,0,0.349898748,0,0,0,LOW,LOW,LOW,LOW,LOW,LOW,LOW,Ref_GIS.candidate,W,2,Score,REFERENCE,USU,12/19/2023
VB-TR-1072,LOVE CREEK,44.817729,-117.436162,BM,24208795,0.451901389,0.108926054,0,0.014852301,0,0,13.08477903,LOW,MOD,LOW,LOW,LOW,LOW,HIGH,MOST DISTURBED,E,NA,NA,MOST DISTURBED,USU,12/19/2023
VM-TR-1243,JORDAN CREEK,42.88898,-117.590579,NBR,23360055,1.022120011,0.328175503,1.053803548,0.504503173,25,0.003670183,3.085619075,LOW,MOD,MOD,LOW,HIGH,MOD,HIGH,MOST DISTURBED,E,NA,NA,MOST DISTURBED,USU,12/19/2023
WALKER_CREEK_7,Walker Creek,45.28880466,-123.4355231,CoRa,0,5.183335511,0,0,15.31145106,0,0,0,HIGH,LOW,LOW,HIGH,LOW,LOW,LOW,MOST DISTURBED,W,NA,NA,MOST DISTURBED,USU,12/19/2023
WALKER_CREEK_8,Walker Creek,45.291146,-123.444952,CoRa,0,12.96983107,0,0,33.62944827,0,0,0,HIGH,LOW,LOW,HIGH,LOW,LOW,LOW,MOST DISTURBED,W,NA,NA,MOST DISTURBED,USU,12/19/2023
WldHrseKirsch,Wildhorse Creek,45.685639,-118.7475,ColPl,23648702,1.103514727,0.353241467,84.51178967,3.687812015,5,0.003969005,0,LOW,MOD,HIGH,MOD,MOD,MOD,LOW,MOST DISTURBED,E,NA,NA,MOST DISTURBED,USU,12/19/2023
XN-RO-4086,XN-RO-4086: South Fork Owyhee River,42.044701,-116.75508,NBR,23333084,0.533663002,0.138051746,1.139215086,0.257162063,10,0,2.792929118,LOW,MOD,MOD,LOW,MOD,LOW,HIGH,MOST DISTURBED,E,NA,NA,MOST DISTURBED,USU,12/19/2023
XN-SS-4097,XN-SS-4097: Noon Creek,42.63559,-116.840633,NBR,23350559,0.448223546,0.055232446,0,0,0,0,0,LOW,LOW,LOW,LOW,LOW,LOW,LOW,Ref_GIS.candidate,E,1,Score,REFERENCE,USU,12/19/2023
XN-SS-4114,XN-SS-4114: Wildhorse Creek,42.548226,-118.607912,NBR,24072957,0.002747494,0,0,0,0,0,0,LOW,LOW,LOW,LOW,LOW,LOW,LOW,Ref_GIS.candidate,E,5.333333333,Score,REFERENCE,USU,12/19/2023
XN-SS-4116,WILLOW CREEK,42.151302,-118.223036,NBR,24075031,0.42306926,0.045606498,0,0,0,0,0,LOW,LOW,LOW,LOW,LOW,LOW,LOW,Ref_GIS.candidate,E,5,Score,REFERENCE,USU,12/19/2023
XN-SS-4136,XN-SS-4136: Big Trout Creek,42.149455,-118.330753,NBR,24072895,0.83874601,0.050244124,0,0,0,0,0,LOW,LOW,LOW,LOW,LOW,LOW,LOW,Ref_GIS.candidate,E,14,Score,REFERENCE,USU,12/19/2023
XN-SS-4145,XN-SS-4145: Scott Creek,42.47981,-116.92402,NBR,23352085,0,0,0,0,0,0,0,LOW,LOW,LOW,LOW,LOW,LOW,LOW,Ref_GIS.candidate,E,0,Score,REFERENCE,USU,12/19/2023
XN-SS-4146,XN-SS-4146: Coyote Creek,42.960912,-118.439796,NBR,24003099,1.134903346,0.09147206,0,0,0,0,0,LOW,LOW,LOW,LOW,LOW,LOW,LOW,Ref_GIS.candidate,E,4,Score,REFERENCE,USU,12/19/2023
Yoakum,Umatilla River,45.67735,-119.0362,ColPl,23648048,1.23482154,0.241299802,22.98377097,1.903743783,35,0.002422081,0,MOD,MOD,MOD,MOD,HIGH,MOD,LOW,MOST DISTURBED,E,NA,NA,MOST DISTURBED,USU,1/1/2021
