STATION_KEY,DATE_COL,Lat_DD,Long_DD,StationDes,Datum,HUC8,COMID,L2Eco,L3Eco,EcoRegion4,AMMONIA_N_RESULT,AMMONIA_N_UNITS,CALCIUM_RESULT,CALCIUM_UNITS,CHLORIDE_RESULT,CHLORIDE_UNITS,COND_RESULT,COND_UNITS,DOC_RESULT,DOC_UNITS,MAGNESIUM_RESULT,MAGNESIUM_UNITS,NITRATE_N_RESULT,NITRATE_N_UNITS,NITRITE_N_RESULT,NITRITE_N_UNITS,NTL_RESULT,NTL_UNITS,PH_RESULT,PH_UNITS,POTASSIUM_RESULT,POTASSIUM_UNITS,PTL_RESULT,PTL_UNITS,SILICA_RESULT,SILICA_UNITS,SODIUM_RESULT,SODIUM_UNITS,SULFATE_RESULT,SULFATE_UNITS,TSS_RESULT,TSS_UNITS,TURB_RESULT,TURB_UNITS,CHLA_RESULT,CHLA_UNITS
NRS18_OR_10042,6/19/2018,45.50821603,-120.3600376,John Day River,,H17070204,,,,,0.007,mg N/L,17.421,mg/L,1.256,mg/L,185.3,uS/cm at 25 C,2.36,mg/L,7.851,mg/L,0.0001,mg N/L,0.00005,mg N/L,0.261,mg N/L,8.34,Std. Units,1.851,mg/L,47.038,ug/L,26.433,mg/L,9.632,mg/L,4.14,mg/L,4.1,mg/L,3.07,NTU,6.58,ug/L
NRS18_OR_10026,6/20/2018,44.73943973,-120.3282472,John Day River,,H17070204,,,,,0.008,mg N/L,17.929,mg/L,1.121,mg/L,188.6,uS/cm at 25 C,2.03,mg/L,8.142,mg/L,0.004,mg N/L,0.00005,mg N/L,0.197,mg N/L,8.32,Std. Units,1.79,mg/L,59.288,ug/L,26.902,mg/L,9.655,mg/L,4.665,mg/L,9.1,mg/L,5.83,NTU,2.29,ug/L
NRS18_OR_10016,6/29/2018,45.76530023,-117.7598806,Grande Ronde River,,H17060106,,,,,0.004,mg N/L,11.775,mg/L,0.473,mg/L,89.8,uS/cm at 25 C,1.05,mg/L,1.779,mg/L,0.0239,mg N/L,3.00E-04,mg N/L,0.113,mg N/L,7.92,Std. Units,1.256,mg/L,26.966,ug/L,15.541,mg/L,3.205,mg/L,3.349,mg/L,3.6,mg/L,1.55,NTU,1.73,ug/L
NRS18_OR_10015,7/5/2018,45.56444623,-123.5731021,Wilson River,,H17100203,,,,,0.0005,mg N/L,7.085,mg/L,2.664,mg/L,70.9,uS/cm at 25 C,0.4,mg/L,1.819,mg/L,0.0675,mg N/L,3.00E-04,mg N/L,0.121,mg N/L,7.77,Std. Units,0.263,mg/L,21.216,ug/L,13.664,mg/L,4.556,mg/L,2.623,mg/L,0.2,mg/L,0.3,NTU,0.86,ug/L
NRS18_OR_10016,7/12/2018,45.76530023,-117.7598806,Grande Ronde River,,H17060106,,,,,0.009,mg N/L,12.286,mg/L,0.63,mg/L,100.7,uS/cm at 25 C,1.26,mg/L,2.211,mg/L,0.0021,mg N/L,0.00005,mg N/L,0.184,mg N/L,7.62,Std. Units,1.731,mg/L,35.43,ug/L,17.747,mg/L,4.113,mg/L,3.246,mg/L,1.5,mg/L,1.02,NTU,1.5,ug/L
NRS18_OR_10015,7/17/2018,45.56444623,-123.5731021,Wilson River,,H17100203,,,,,0.015,mg N/L,7.595,mg/L,2.817,mg/L,73,uS/cm at 25 C,0.5,mg/L,1.884,mg/L,0.1465,mg N/L,6.00E-04,mg N/L,0.235,mg N/L,7.83,Std. Units,0.302,mg/L,17.161,ug/L,14.399,mg/L,4.816,mg/L,2.755,mg/L,0.3,mg/L,0.39,NTU,0.71,ug/L
NRS18_OR_10059,7/18/2018,45.46216562,-122.9432564,Tualatin River,,H17090010,,,,,0.04,mg N/L,22.869,mg/L,19.884,mg/L,389.7,uS/cm at 25 C,2.56,mg/L,4.608,mg/L,4.3583,mg N/L,5.00E-04,mg N/L,4.719,mg N/L,7.75,Std. Units,6.391,mg/L,70.581,ug/L,20.197,mg/L,45.797,mg/L,72.364,mg/L,6.9,mg/L,5.64,NTU,0.81,ug/L
NRS18_OR_10020,7/23/2018,45.26280222,-118.3998338,Meadow Creek,,H17060104,,,,,0.01,mg N/L,12.982,mg/L,0.517,mg/L,136.8,uS/cm at 25 C,2.1,mg/L,4.737,mg/L,0.0048,mg N/L,2.00E-04,mg N/L,0.228,mg N/L,8.59,Std. Units,2.909,mg/L,29.294,ug/L,35.339,mg/L,9.414,mg/L,0.3,mg/L,1.7,mg/L,4.1,NTU,2.62,ug/L
NRS18_OR_10004,7/25/2018,44.90149432,-118.4770429,North Fork John Day River,,H17070202,,,,,0.004,mg N/L,6.475,mg/L,0.152,mg/L,61,uS/cm at 25 C,1.02,mg/L,1.45,mg/L,0.0012,mg N/L,1.00E-04,mg N/L,0.076,mg N/L,7.73,Std. Units,1.436,mg/L,9.46,ug/L,17.699,mg/L,3.077,mg/L,2.682,mg/L,1.3,mg/L,0.52,NTU,0.26,ug/L
NRS18_OR_10007,7/26/2018,44.85145806,-118.142916,North Fork Rock Creek,,H17050203,,,,,0.004,mg N/L,3.349,mg/L,0.081,mg/L,43.7,uS/cm at 25 C,0.67,mg/L,1.334,mg/L,0.0034,mg N/L,2.00E-04,mg N/L,0.045,mg N/L,7.28,Std. Units,0.834,mg/L,9.715,ug/L,13.865,mg/L,2.088,mg/L,7.836,mg/L,1.4,mg/L,0.6,NTU,0.18,ug/L
NRS18_OR_10002,7/31/2018,44.49071409,-122.8137147,South Santiam River,,H17090006,,,,,0.007,mg N/L,3.861,mg/L,0.776,mg/L,36.2,uS/cm at 25 C,0.75,mg/L,0.861,mg/L,0.008,mg N/L,4.00E-04,mg N/L,0.109,mg N/L,7.55,Std. Units,0.306,mg/L,10.664,ug/L,10.774,mg/L,2.276,mg/L,1.115,mg/L,1,mg/L,1.06,NTU,1.17,ug/L
NRS18_OR_10011,8/1/2018,44.16795366,-122.24967,McKenzie River,,H17090004,,,,,0.003,mg N/L,4.332,mg/L,1.667,mg/L,62.6,uS/cm at 25 C,0.23,mg/L,2.124,mg/L,0.0009,mg N/L,0.00005,mg N/L,0.075,mg N/L,7.78,Std. Units,1.224,mg/L,68.351,ug/L,24.072,mg/L,4.932,mg/L,0.94,mg/L,0.2,mg/L,0.43,NTU,,ug/L
NRS18_OR_10054,8/7/2018,43.84099654,-122.8207579,Gosage Creek,,H17090001,,,,,0.004,mg N/L,10.812,mg/L,1.423,mg/L,99.2,uS/cm at 25 C,0.86,mg/L,2.253,mg/L,0.0648,mg N/L,2.00E-04,mg N/L,0.119,mg N/L,7.66,Std. Units,0.788,mg/L,64.385,ug/L,23.876,mg/L,6.121,mg/L,0.364,mg/L,4.6,mg/L,2.78,NTU,0.24,ug/L
NRS18_OR_10022,8/8/2018,44.79838291,-122.4810694,Little North Santiam River,,H17090005,,,,,0.004,mg N/L,5.291,mg/L,0.909,mg/L,49.4,uS/cm at 25 C,0.6,mg/L,0.932,mg/L,0.0072,mg N/L,2.00E-04,mg N/L,0.09,mg N/L,7.41,Std. Units,0.281,mg/L,8.269,ug/L,10.095,mg/L,2.949,mg/L,2.972,mg/L,0.9,mg/L,0.42,NTU,0.61,ug/L
NRS18_OR_10071,8/9/2018,44.79284508,-122.5357681,Cox Creek,,H17090005,,,,,0.004,mg N/L,6.412,mg/L,1.447,mg/L,63.6,uS/cm at 25 C,0.66,mg/L,1.644,mg/L,0.1602,mg N/L,0.00005,mg N/L,0.231,mg N/L,7.51,Std. Units,0.54,mg/L,32.326,ug/L,21.576,mg/L,4.205,mg/L,0.317,mg/L,10.2,mg/L,5.66,NTU,0.48,ug/L
NRS18_OR_10002,8/13/2018,44.49071409,-122.8137147,South Santiam River,,H17090006,,,,,0.008,mg N/L,3.767,mg/L,0.785,mg/L,37,uS/cm at 25 C,0.87,mg/L,0.883,mg/L,0.0121,mg N/L,2.00E-04,mg N/L,0.074,mg N/L,7.55,Std. Units,0.263,mg/L,12.039,ug/L,10.516,mg/L,2.244,mg/L,1.127,mg/L,0.4,mg/L,0.87,NTU,1.34,ug/L
NRS18_OR_10670,8/15/2018,44.81704099,-121.0957247,Deschutes River,,H17070306,,,,,0.016,mg N/L,6.866,mg/L,1.847,mg/L,123,uS/cm at 25 C,0.8,mg/L,5.201,mg/L,0.1685,mg N/L,0.0011,mg N/L,0.34,mg N/L,8.18,Std. Units,1.931,mg/L,87.755,ug/L,30.877,mg/L,10.578,mg/L,1.721,mg/L,3.3,mg/L,1.35,NTU,8.19,ug/L
NRS18_OR_10819,8/16/2018,45.28428312,-121.0273292,Deschutes River,,H17070306,,,,,0.012,mg N/L,7.415,mg/L,1.948,mg/L,123.3,uS/cm at 25 C,0.83,mg/L,5.2,mg/L,0.089,mg N/L,7.00E-04,mg N/L,0.279,mg N/L,8.12,Std. Units,1.97,mg/L,80.713,ug/L,29.399,mg/L,10.427,mg/L,1.691,mg/L,4.1,mg/L,1.99,NTU,7.95,ug/L
NRS18_OR_10023,8/20/2018,43.12124754,-124.1793596,Coquille River,,H17100305,,,,,0.006,mg N/L,10.342,mg/L,5.347,mg/L,157.1,uS/cm at 25 C,1.99,mg/L,8.802,mg/L,0.0001,mg N/L,0.00005,mg N/L,0.191,mg N/L,7.99,Std. Units,1.186,mg/L,41.111,ug/L,10.221,mg/L,8.82,mg/L,5.276,mg/L,3,mg/L,2.12,NTU,3.82,ug/L
NRS18_OR_10068,8/21/2018,43.27217224,-123.9293403,Alder Creek,,H17100305,,,,,0.006,mg N/L,6.111,mg/L,4.222,mg/L,74.5,uS/cm at 25 C,0.57,mg/L,1.816,mg/L,0.2485,mg N/L,2.00E-04,mg N/L,0.334,mg N/L,7.59,Std. Units,0.851,mg/L,21.12,ug/L,14.206,mg/L,5.975,mg/L,2.423,mg/L,1.4,mg/L,1.41,NTU,0.39,ug/L
NRS18_OR_10028,8/22/2018,42.47412008,-124.3300903,Rogue River,,H17100310,,,,,0.021,mg N/L,8.208,mg/L,2.072,mg/L,96.2,uS/cm at 25 C,1.28,mg/L,4.18,mg/L,0.0838,mg N/L,8.00E-04,mg N/L,0.264,mg N/L,7.77,Std. Units,1.282,mg/L,54.664,ug/L,25.495,mg/L,5.049,mg/L,1.915,mg/L,2.5,mg/L,1.5,NTU,1.82,ug/L
NRS18_OR_10006,9/6/2018,43.10118171,-122.8297435,West Creek,,H17100302,,,,,0.003,mg N/L,13.676,mg/L,6.592,mg/L,118,uS/cm at 25 C,0.55,mg/L,2.388,mg/L,0.0246,mg N/L,0.00005,mg N/L,0.08,mg N/L,7.89,Std. Units,0.534,mg/L,24.735,ug/L,15.872,mg/L,6.987,mg/L,3.782,mg/L,0.8,mg/L,0.51,NTU,0.22,ug/L
NRS18_OR_10035,9/18/2018,42.55428385,-120.8997093,North Fork Sprague River,,H18010202,,,,,0.004,mg N/L,3.716,mg/L,0.164,mg/L,47.5,uS/cm at 25 C,0.73,mg/L,1.876,mg/L,0.001,mg N/L,2.00E-04,mg N/L,0.065,mg N/L,7.81,Std. Units,1.63,mg/L,57.181,ug/L,29.119,mg/L,3.03,mg/L,0.103,mg/L,0.6,mg/L,0.65,NTU,0.78,ug/L
NRS18_OR_10024,9/19/2018,42.46638992,-121.4395592,Sprague River,,H18010202,,,,,0.008,mg N/L,7.567,mg/L,1.103,mg/L,108.8,uS/cm at 25 C,1.47,mg/L,4.283,mg/L,0.0005,mg N/L,2.00E-04,mg N/L,0.146,mg N/L,8.13,Std. Units,2.369,mg/L,52.43,ug/L,29.505,mg/L,9.081,mg/L,0.672,mg/L,0.9,mg/L,2.21,NTU,0.66,ug/L
NRS18_OR_10519,9/26/2018,42.72366943,-118.832975,Donner und Blitzen River,,H17120003,,,,,0.007,mg N/L,9.067,mg/L,0.64,mg/L,96,uS/cm at 25 C,0.95,mg/L,3.698,mg/L,0.2031,mg N/L,4.00E-04,mg N/L,0.34,mg N/L,8.08,Std. Units,1.483,mg/L,27.766,ug/L,30.695,mg/L,5.726,mg/L,0.847,mg/L,2.2,mg/L,1.26,NTU,2.22,ug/L
NRS18_OR_10231,9/25/2018,42.56281164,-118.7504256,Donner und Blitzen River,,H17120003,,,,,0.011,mg N/L,7.791,mg/L,0.581,mg/L,85.5,uS/cm at 25 C,0.95,mg/L,3.232,mg/L,0.689,mg N/L,7.00E-04,mg N/L,1.069,mg N/L,7.84,Std. Units,1.837,mg/L,88.055,ug/L,34.207,mg/L,4.907,mg/L,0.806,mg/L,35.6,mg/L,11.66,NTU,,
NRS18_OR_10013,6/4/2019,44.37292588,-123.8363514,Alsea River,,H17100205,,,,,0.014,mg N/L,5.217,mg/L,3.786,mg/L,66.6,uS/cm at 25 C,0.97,mg/L,1.914,mg/L,0.1269,mg N/L,0.0013,mg N/L,0.233,mg N/L,7.63,Std. Units,0.658,mg/L,18.065,ug/L,14.131,mg/L,5.248,mg/L,1.431,mg/L,1.8,mg/L,1.26,NTU,1.39,ug/L
NRS18_OR_10968,6/5/2019,43.65019378,-123.6632718,Umpqua River,,H17100303,,,,,0.003,mg N/L,8.235,mg/L,3.002,mg/L,84,uS/cm at 25 C,1.11,mg/L,3.274,mg/L,0,mg N/L,0,mg N/L,0.101,mg N/L,7.95,Std. Units,0.716,mg/L,26.891,ug/L,17.108,mg/L,4.654,mg/L,2.63,mg/L,1.4,mg/L,0.86,NTU,2.31,ug/L
NRS18_OR_10009,6/6/2019,43.99127262,-123.6643343,Siuslaw River,,H17100206,,,,,0.009,mg N/L,3.446,mg/L,4.363,mg/L,49.8,uS/cm at 25 C,1.15,mg/L,1.278,mg/L,0.0174,mg N/L,0,mg N/L,0.1,mg N/L,7.54,Std. Units,0.804,mg/L,19.673,ug/L,14.195,mg/L,4.273,mg/L,0.855,mg/L,1.5,mg/L,1.56,NTU,0.83,ug/L
NRS18_OR_10817,6/10/2019,43.79044623,-117.8541173,Malheur River,,H17050117,,,,,0.005,mg N/L,14.693,mg/L,3.543,mg/L,185.3,uS/cm at 25 C,4.92,mg/L,5.709,mg/L,0.0009,mg N/L,3.00E-04,mg N/L,0.361,mg N/L,8.29,Std. Units,3.403,mg/L,161.103,ug/L,32.15,mg/L,15.605,mg/L,10.386,mg/L,9.4,mg/L,14.77,NTU,4,ug/L
NRS18_OR_11118,6/12/2019,43.08605265,-117.7117037,Owyhee River,,H17050110,,,,,0.015,mg N/L,25.325,mg/L,5.526,mg/L,234.5,uS/cm at 25 C,4.51,mg/L,6.542,mg/L,0.1088,mg N/L,9.00E-04,mg N/L,0.509,mg N/L,7.06,Std. Units,3.079,mg/L,133.369,ug/L,26.39,mg/L,14.852,mg/L,14.749,mg/L,31.7,mg/L,17.55,NTU,4.18,ug/L
NRS18_OR_10014,6/22/2019,45.16977487,-120.4822805,John Day River,,H17070204,,,,,0.009,mg N/L,18.399,mg/L,1.442,mg/L,195.2,uS/cm at 25 C,2.3,mg/L,8.527,mg/L,0.0055,mg N/L,0.001,mg N/L,0.165,mg N/L,8.28,Std. Units,1.637,mg/L,45.546,ug/L,26.586,mg/L,9.969,mg/L,5.73,mg/L,11.8,mg/L,5.39,NTU,4.17,ug/L
NRS18_OR_10521,6/26/2019,45.41106861,-119.794268,Rhea Creek,,H17070104,,,,,0.087,mg N/L,40.514,mg/L,13.559,mg/L,438.1,uS/cm at 25 C,4.56,mg/L,17.035,mg/L,0.2545,mg N/L,0.0483,mg N/L,0.844,mg N/L,8.37,Std. Units,4.608,mg/L,125.948,ug/L,30.011,mg/L,29.23,mg/L,16.12,mg/L,1.8,mg/L,1.27,NTU,6.08,ug/L
NRS18_OR_10063,6/25/2019,44.82284826,-119.849957,John Day River,,H17070204,,,,,0.012,mg N/L,19.316,mg/L,1.27,mg/L,191.3,uS/cm at 25 C,2.3,mg/L,8.749,mg/L,0.0212,mg N/L,9.00E-04,mg N/L,0.188,mg N/L,8.28,Std. Units,1.658,mg/L,40.399,ug/L,26.507,mg/L,8.43,mg/L,5.681,mg/L,4.8,mg/L,1.88,NTU,1.77,ug/L
NRS18_OR_10368,7/9/2019,44.5336733,-121.6289074,Metolius River,,H17070301,,,,,0.005,mg N/L,5.133,mg/L,1.303,mg/L,78.7,uS/cm at 25 C,0.21,mg/L,3.367,mg/L,0.0239,mg N/L,6.00E-04,mg N/L,0.044,mg N/L,7.95,Std. Units,1.352,mg/L,97.279,ug/L,30.494,mg/L,6.693,mg/L,0.828,mg/L,0.8,mg/L,0.29,NTU,0.8,ug/L
NRS18_OR_10668,7/10/2019,44.12543978,-120.7986734,Crooked River,,H17070305,,,,,0.009,mg N/L,15.28,mg/L,2.254,mg/L,166.7,uS/cm at 25 C,5.42,mg/L,6.066,mg/L,0.039,mg N/L,7.00E-04,mg N/L,0.341,mg N/L,7.53,Std. Units,2.351,mg/L,102.943,ug/L,28.714,mg/L,10.831,mg/L,3.898,mg/L,3.3,mg/L,9.96,NTU,4.7,ug/L
NRS18_OR_10003,7/11/2019,43.61498795,-122.7664578,None,,H17090002,,,,,0.005,mg N/L,8.317,mg/L,0.933,mg/L,73.2,uS/cm at 25 C,0.87,mg/L,2.176,mg/L,0.048,mg N/L,7.00E-04,mg N/L,0.084,mg N/L,7.78,Std. Units,0.614,mg/L,29.666,ug/L,15.073,mg/L,3.941,mg/L,0.849,mg/L,0.7,mg/L,1.03,NTU,0.25,ug/L
NRS18_OR_10021,7/17/2019,42.04489556,-118.4328368,None,,H17120009,,,,,0.009,mg N/L,26.541,mg/L,7.334,mg/L,294.4,uS/cm at 25 C,3.18,mg/L,9.833,mg/L,0.0295,mg N/L,0.0015,mg N/L,0.246,mg N/L,8.3,Std. Units,4.51,mg/L,168.833,ug/L,47.921,mg/L,20.858,mg/L,8.082,mg/L,6.3,mg/L,4.39,NTU,0.78,ug/L
NRS18_OR_10249,7/16/2019,42.04972499,-118.6336642,Van Horn Creek,,H17120009,,,,,0.001,mg N/L,31.791,mg/L,1.826,mg/L,268.8,uS/cm at 25 C,2.01,mg/L,11.423,mg/L,0.0081,mg N/L,7.00E-04,mg N/L,0.104,mg N/L,8.43,Std. Units,0.925,mg/L,26.923,ug/L,30.077,mg/L,11.776,mg/L,6.09,mg/L,0,mg/L,0.15,NTU,0.24,ug/L
NRS18_OR_10818,7/18/2019,42.00338464,-117.9535998,McDermitt Creek,,H16040201,,,,,0.003,mg N/L,17.977,mg/L,5.3,mg/L,218.6,uS/cm at 25 C,2.36,mg/L,6.149,mg/L,0.001,mg N/L,6.00E-04,mg N/L,0.19,mg N/L,8.27,Std. Units,3.089,mg/L,91.65,ug/L,32.804,mg/L,18.962,mg/L,9.65,mg/L,4.1,mg/L,1.99,NTU,2.41,ug/L
NRS18_OR_10232,7/19/2019,43.55298423,-118.4666511,None,,H17050116,,,,,0.002,mg N/L,12.846,mg/L,0.695,mg/L,136.34,uS/cm at 25 C,1.85,mg/L,5.289,mg/L,0,mg N/L,0,mg N/L,0.145,mg N/L,8.04,Std. Units,3.017,mg/L,53.6,ug/L,44.793,mg/L,8.466,mg/L,0.589,mg/L,5.1,mg/L,1.82,NTU,2.85,ug/L
NRS18_OR_10001,7/23/2019,43.09695242,-122.4115125,Fish Creek,,H17100301,,,,,0.001,mg N/L,5.02,mg/L,0.092,mg/L,39.68,uS/cm at 25 C,0.52,mg/L,0.894,mg/L,0,mg N/L,0,mg N/L,0.029,mg N/L,7.39,Std. Units,0.181,mg/L,11.346,ug/L,13.533,mg/L,2.074,mg/L,0.465,mg/L,0.9,mg/L,0.01,NTU,0.16,ug/L
NRS18_OR_10030,7/24/2019,43.33219825,-122.3924031,None,,H17100301,,,,,0.002,mg N/L,6.548,mg/L,0.316,mg/L,57.46,uS/cm at 25 C,0.23,mg/L,1.774,mg/L,0.0018,mg N/L,6.00E-04,mg N/L,0.03,mg N/L,7.67,Std. Units,0.419,mg/L,35.316,ug/L,23.703,mg/L,2.726,mg/L,0.246,mg/L,0,mg/L,0.01,NTU,0.03,ug/L
NRS18_OR_10045,7/25/2019,43.16780193,-123.6912637,None,,H17100305,,,,,0.003,mg N/L,5.471,mg/L,2.252,mg/L,60.45,uS/cm at 25 C,1.02,mg/L,1.586,mg/L,0.0222,mg N/L,8.00E-04,mg N/L,0.063,mg N/L,7.63,Std. Units,0.691,mg/L,23.571,ug/L,16.597,mg/L,4.292,mg/L,2.195,mg/L,1.5,mg/L,0.8,NTU,0.65,ug/L
NRS18_OR_10005,7/30/2019,42.07214612,-124.0083425,None,,H18010101,,,,,0.004,mg N/L,1.467,mg/L,2.029,mg/L,25.22,uS/cm at 25 C,0.45,mg/L,0.608,mg/L,0.027,mg N/L,8.00E-04,mg N/L,0.05,mg N/L,7.31,Std. Units,0.287,mg/L,12.864,ug/L,6.848,mg/L,2.387,mg/L,0.909,mg/L,0.4,mg/L,0.61,NTU,0.43,ug/L
NRS18_OR_10069,7/31/2019,42.01748852,-123.9496604,Fall Creek,,H18010101,,,,,0.003,mg N/L,1.716,mg/L,4.301,mg/L,123.69,uS/cm at 25 C,0.36,mg/L,14.414,mg/L,0.0095,mg N/L,7.00E-04,mg N/L,0.028,mg N/L,8.15,Std. Units,0.166,mg/L,13.506,ug/L,16.74,mg/L,3.014,mg/L,0.698,mg/L,0,mg/L,0.24,NTU,0.08,ug/L
NRS18_OR_10001,8/7/2019,43.09695242,-122.4115125,Fish Creek,,H17100301,,,,,0.002,mg N/L,5.856,mg/L,0.109,mg/L,46.83,uS/cm at 25 C,0.59,mg/L,1.053,mg/L,0.0011,mg N/L,0,mg N/L,0.043,mg N/L,7.34,Std. Units,0.186,mg/L,13.363,ug/L,14.691,mg/L,2.256,mg/L,0.302,mg/L,0,mg/L,0.51,NTU,0.25,ug/L
NRS18_OR_10017,8/8/2019,42.85641006,-123.1434089,McGinnis Creek,,H17100302,,,,,0.003,mg N/L,10.678,mg/L,2.069,mg/L,104.95,uS/cm at 25 C,0.82,mg/L,3.457,mg/L,0.1072,mg N/L,7.00E-04,mg N/L,0.143,mg N/L,7.85,Std. Units,0.828,mg/L,32.369,ug/L,17.889,mg/L,5.276,mg/L,4.153,mg/L,1.6,mg/L,1.27,NTU,0.03,ug/L
NRS18_OR_10041,8/13/2019,45.98451393,-119.004127,Columbia River,,H17070101,,,,,0.019,mg N/L,17.549,mg/L,2.149,mg/L,140.45,uS/cm at 25 C,1.61,mg/L,4.851,mg/L,0.1008,mg N/L,0.0021,mg N/L,0.236,mg N/L,8.02,Std. Units,1.064,mg/L,22.431,ug/L,7.229,mg/L,4.419,mg/L,10.123,mg/L,1.4,mg/L,1.26,NTU,2.93,ug/L
NRS18_OR_10029,8/15/2019,45.9661823,-118.0295615,Tiger Creek,,H17070102,,,,,0.004,mg N/L,5.91,mg/L,0.315,mg/L,58.19,uS/cm at 25 C,1.26,mg/L,2.157,mg/L,0.0267,mg N/L,7.00E-04,mg N/L,0.083,mg N/L,7.63,Std. Units,2.08,mg/L,50.574,ug/L,34.605,mg/L,2.57,mg/L,0.381,mg/L,1.4,mg/L,0.44,NTU,0.33,ug/L
NRS18_OR_10055,8/14/2019,45.87203218,-117.9261908,South Fork Wenaha River,,H17060106,,,,,0.003,mg N/L,3.503,mg/L,0.086,mg/L,33.33,uS/cm at 25 C,0.32,mg/L,0.88,mg/L,0.0027,mg N/L,6.00E-04,mg N/L,0.034,mg N/L,7.14,Std. Units,0.746,mg/L,22.116,ug/L,19.909,mg/L,1.718,mg/L,0.18,mg/L,1.2,mg/L,0.31,NTU,0.18,ug/L
NRS18_OR_10012,8/27/2019,42.41324033,-123.157974,Rogue River,,H17100308,,,,,0.097,mg N/L,7.11,mg/L,1.719,mg/L,79.58,uS/cm at 25 C,1.28,mg/L,2.856,mg/L,0.1114,mg N/L,0.0221,mg N/L,0.375,mg N/L,7.79,Std. Units,1.468,mg/L,82.251,ug/L,26.723,mg/L,5.051,mg/L,1.265,mg/L,3.2,mg/L,1.9,NTU,2.19,ug/L
NRS18_OR_10010,9/5/2019,45.39535438,-122.149373,Sandy River,,H17080001,,,,,0.004,mg N/L,6.906,mg/L,3.212,mg/L,87.99,uS/cm at 25 C,0.51,mg/L,2.71,mg/L,0.0098,mg N/L,8.00E-04,mg N/L,0.033,mg N/L,7.76,Std. Units,0.899,mg/L,44.889,ug/L,22.852,mg/L,5.99,mg/L,11.929,mg/L,19.4,mg/L,12.84,NTU,2.87,ug/L
NRS18_OR_10040,9/11/2019,44.51549122,-119.6248102,John Day River,,H17070201,,,,,0.009,mg N/L,41.064,mg/L,3.574,mg/L,412.2,uS/cm at 25 C,2.66,mg/L,19.875,mg/L,0.0012,mg N/L,6.00E-04,mg N/L,0.239,mg N/L,8.29,Std. Units,3.061,mg/L,61.144,ug/L,34.425,mg/L,17.927,mg/L,15.013,mg/L,12.1,mg/L,5.86,NTU,4.21,ug/L
ORR9-0912,6/26/2013,45.48478,-122.9599,Tualatin River,,,,,,,0.022,mg N/L,9.44,mg/L,3.9,mg/L,102.1,uS/cm at 25 C,1.81,mg/L,3.286,mg/L,0.002,mg N/L,0.002,mg N/L,0.508,mg N/L,7.76,Std. Units,0.851,mg/L,133,ug/L,20.028,mg/L,5.41,mg/L,3.074,mg/L,11.2,mg/L,3.89,NTU,,
ORS9-0932,6/27/2013,45.21177,-121.8471,Draw Creek,,,,,,,0.003,mg N/L,3.48,mg/L,0.675,mg/L,37.7,uS/cm at 25 C,0.31,mg/L,1.208,mg/L,0,mg N/L,0,mg N/L,0,mg N/L,7.57,Std. Units,0.221,mg/L,39,ug/L,15.407,mg/L,2.04,mg/L,0.419,mg/L,0,mg/L,0.01,NTU,,
ORR9-0910,7/2/2013,44.24753,-120.8595,Crooked River,,,,,,,0.013,mg N/L,18.81,mg/L,3.957,mg/L,233,uS/cm at 25 C,4.23,mg/L,7.999,mg/L,0,mg N/L,0,mg N/L,0.296,mg N/L,8,Std. Units,2.677,mg/L,139,ug/L,27.92,mg/L,18.55,mg/L,6.82,mg/L,3.2,mg/L,6.02,NTU,,
ORLS-1104,7/11/2013,45.8587,-117.6355,Grossman Creek,,,,,,,0.004,mg N/L,7.45,mg/L,0.833,mg/L,92.3,uS/cm at 25 C,1.78,mg/L,3.067,mg/L,0.001,mg N/L,0.001,mg N/L,0.15,mg N/L,7.85,Std. Units,2.629,mg/L,133,ug/L,35.715,mg/L,5.9,mg/L,2.148,mg/L,0.6,mg/L,1.37,NTU,,
ORRM-1001,7/10/2013,45.7653,-117.7599,Grande Ronde River,,,,,,,0.011,mg N/L,14.13,mg/L,0.538,mg/L,104.5,uS/cm at 25 C,1.06,mg/L,1.975,mg/L,0.001,mg N/L,0.001,mg N/L,0.125,mg N/L,7.97,Std. Units,1.483,mg/L,27,ug/L,17.638,mg/L,3.55,mg/L,4.916,mg/L,5.6,mg/L,1.47,NTU,,
ORRM-1008,7/16/2013,43.68129,-123.6684,Umpqua River,,,,,,,0.008,mg N/L,6.03,mg/L,3.014,mg/L,78.5,uS/cm at 25 C,1.32,mg/L,2.634,mg/L,0,mg N/L,0,mg N/L,0.178,mg N/L,7.72,Std. Units,0.973,mg/L,61,ug/L,18.664,mg/L,5.28,mg/L,2.298,mg/L,1.2,mg/L,0.17,NTU,,
ORR9-0903,7/17/2013,44.16795,-122.2497,McKenzie River,,,,,,,0.002,mg N/L,4.08,mg/L,1.496,mg/L,58.4,uS/cm at 25 C,0.36,mg/L,1.977,mg/L,0,mg N/L,0,mg N/L,0.031,mg N/L,7.95,Std. Units,1.129,mg/L,106,ug/L,25.915,mg/L,4.48,mg/L,1.136,mg/L,0,mg/L,0.01,NTU,,
ORR9-0911,7/18/2013,44.06547,-123.1063,Willamette River,,,,,,,0.006,mg N/L,4.48,mg/L,0.871,mg/L,47.6,uS/cm at 25 C,1,mg/L,1.526,mg/L,0.001,mg N/L,0.001,mg N/L,0.106,mg N/L,7.56,Std. Units,0.574,mg/L,62,ug/L,17.971,mg/L,2.79,mg/L,0.87,mg/L,2.1,mg/L,1.34,NTU,,
ORR9-0914,7/24/2013,43.77084,-118.049,Malheur River,,,,,,,0.009,mg N/L,17.36,mg/L,3.065,mg/L,224,uS/cm at 25 C,3.65,mg/L,7.095,mg/L,0,mg N/L,0,mg N/L,0.478,mg N/L,8.06,Std. Units,3.942,mg/L,278,ug/L,37.851,mg/L,18.11,mg/L,13.529,mg/L,12.1,mg/L,16.39,NTU,,
ORS9-0939,7/23/2013,44.14125,-119.2912,Tamarack Creek,,,,,,,0.002,mg N/L,107.8,mg/L,0.815,mg/L,585,uS/cm at 25 C,1.43,mg/L,10.45,mg/L,0,mg N/L,0,mg N/L,0.065,mg N/L,8.22,Std. Units,1.469,mg/L,70,ug/L,26.821,mg/L,6.1,mg/L,80.091,mg/L,1.4,mg/L,0.07,NTU,,
ORS9-0937,7/25/2013,44.85146,-118.1429,North Fork Rock Creek,,,,,,,0.003,mg N/L,3.1,mg/L,0.089,mg/L,39.3,uS/cm at 25 C,0.53,mg/L,1.196,mg/L,0,mg N/L,0,mg N/L,0.035,mg N/L,7.38,Std. Units,0.802,mg/L,32,ug/L,13.365,mg/L,1.85,mg/L,7.883,mg/L,0.6,mg/L,0.01,NTU,,
ORLS-1093,8/12/2013,45.56444,-123.5731,Wilson River,,,,,,,0,mg N/L,7.56,mg/L,2.943,mg/L,73.4,uS/cm at 25 C,0.64,mg/L,1.979,mg/L,0.001,mg N/L,0.001,mg N/L,0.183,mg N/L,7.78,Std. Units,0.316,mg/L,46,ug/L,13.814,mg/L,4.95,mg/L,3.407,mg/L,0,mg/L,0.01,NTU,,
ORLS-1097,8/14/2013,44.79838,-122.4811,Little North Santiam River,,,,,,,0.005,mg N/L,4.74,mg/L,0.822,mg/L,45.5,uS/cm at 25 C,0.49,mg/L,0.867,mg/L,0.001,mg N/L,0.001,mg N/L,0.046,mg N/L,7.7,Std. Units,0.229,mg/L,26,ug/L,10.904,mg/L,2.58,mg/L,2.869,mg/L,0.2,mg/L,0.14,NTU,,
ORS9-0932,8/15/2013,45.21177,-121.8471,Draw Creek,,,,,,,0.003,mg N/L,4.03,mg/L,0.671,mg/L,42.2,uS/cm at 25 C,0.29,mg/L,1.409,mg/L,0.001,mg N/L,0.001,mg N/L,0.021,mg N/L,7.55,Std. Units,0.324,mg/L,44,ug/L,16.917,mg/L,2.3,mg/L,0.461,mg/L,0,mg/L,0.01,NTU,,
ORS9-0933,8/20/2013,43.61499,-122.7665,,,,,,,,0.001,mg N/L,8.38,mg/L,1.046,mg/L,78,uS/cm at 25 C,0.83,mg/L,2.202,mg/L,0.001,mg N/L,0.001,mg N/L,0.194,mg N/L,7.78,Std. Units,0.653,mg/L,70,ug/L,16.728,mg/L,4.24,mg/L,0.801,mg/L,0.4,mg/L,0.53,NTU,,
ORSS-1168,8/21/2013,42.85641,-123.1434,McGinnis Creek,,,,,,,0.003,mg N/L,10.33,mg/L,2.203,mg/L,100,uS/cm at 25 C,0.84,mg/L,3.193,mg/L,0.001,mg N/L,0.001,mg N/L,0.201,mg N/L,7.73,Std. Units,0.862,mg/L,76,ug/L,19.556,mg/L,4.99,mg/L,4.074,mg/L,6.5,mg/L,1.23,NTU,,
ORSS-1173,8/19/2013,43.841,-122.8208,Gosage Creek,,,,,,,0,mg N/L,10.17,mg/L,1.346,mg/L,91.3,uS/cm at 25 C,0.8,mg/L,2.092,mg/L,0.001,mg N/L,0.001,mg N/L,0.085,mg N/L,7.87,Std. Units,0.751,mg/L,112,ug/L,24.129,mg/L,5.7,mg/L,0.379,mg/L,3.2,mg/L,1.19,NTU,,
ORR9-0912,8/26/2013,45.48478,-122.9599,Tualatin River,,,,,,,0.019,mg N/L,8.08,mg/L,3.525,mg/L,91.8,uS/cm at 25 C,1.55,mg/L,2.739,mg/L,0.001,mg N/L,0.001,mg N/L,0.345,mg N/L,7.74,Std. Units,0.658,mg/L,104,ug/L,17.737,mg/L,4.25,mg/L,2.286,mg/L,7.8,mg/L,4.24,NTU,,
ORR9-0902,8/29/2013,45.39535,-122.1494,Sandy River,,,,,,,0.001,mg N/L,6.58,mg/L,2.715,mg/L,69.9,uS/cm at 25 C,0.57,mg/L,2.275,mg/L,0.001,mg N/L,0.001,mg N/L,0.128,mg N/L,7.66,Std. Units,0.9,mg/L,100,ug/L,22.953,mg/L,5.6,mg/L,7.76,mg/L,18.5,mg/L,12.29,NTU,,
ORRO-1060,9/4/2013,45.46216,-122.9433,Tualatin River,,,,,,,0.038,mg N/L,20.2,mg/L,15.161,mg/L,332,uS/cm at 25 C,3.56,mg/L,5.011,mg/L,0.002,mg N/L,0.002,mg N/L,5.344,mg N/L,7.8,Std. Units,6.392,mg/L,188,ug/L,22.217,mg/L,36.13,mg/L,60.996,mg/L,7.2,mg/L,4.28,NTU,,
ORRF-0106,9/16/2013,44.1692,-123.1351,,,,,,,,0.009,mg N/L,4.93,mg/L,1.165,mg/L,59.8,uS/cm at 25 C,0.81,mg/L,1.759,mg/L,0.001,mg N/L,0.001,mg N/L,0.113,mg N/L,7.73,Std. Units,0.86,mg/L,60,ug/L,21.565,mg/L,4.44,mg/L,2.469,mg/L,1.8,mg/L,1.2,NTU,,
ORRF-0104,9/18/2013,43.74315,-122.5027,,,,,,,,0.007,mg N/L,5.22,mg/L,1.039,mg/L,56.6,uS/cm at 25 C,0.83,mg/L,1.866,mg/L,0,mg N/L,0,mg N/L,0.04,mg N/L,7.83,Std. Units,0.805,mg/L,66,ug/L,23.498,mg/L,3.45,mg/L,0.381,mg/L,0.8,mg/L,0.97,NTU,,
ORRF-0105,9/19/2013,43.96473,-122.9824,,,,,,,,0.013,mg N/L,6.2,mg/L,1.337,mg/L,58.8,uS/cm at 25 C,1.44,mg/L,1.503,mg/L,0.002,mg N/L,0.002,mg N/L,0.13,mg N/L,7.68,Std. Units,0.419,mg/L,49,ug/L,13.735,mg/L,3.36,mg/L,1.304,mg/L,7.1,mg/L,3.98,NTU,,
ORLS-1096,9/18/2013,42.04489,-118.4328,,,,,,,,0.009,mg N/L,43.8,mg/L,14.014,mg/L,448,uS/cm at 25 C,3.21,mg/L,16.52,mg/L,0,mg N/L,0,mg N/L,0.256,mg N/L,8.05,Std. Units,5.978,mg/L,210,ug/L,51.919,mg/L,29.75,mg/L,11.819,mg/L,2,mg/L,1.67,NTU,,
ORRO-1058,9/17/2013,43.1829,-118.878,Donner und Blitzen River,,,,,,,0.011,mg N/L,11,mg/L,0.974,mg/L,135.1,uS/cm at 25 C,2.73,mg/L,4.967,mg/L,0,mg N/L,0,mg N/L,0.24,mg N/L,7.95,Std. Units,1.489,mg/L,124,ug/L,26.681,mg/L,10.3,mg/L,1.303,mg/L,11.2,mg/L,6.99,NTU,,
ORRF-0101,9/20/2013,45.93158,-123.1639,,,,,,,,0.019,mg N/L,8.41,mg/L,7.265,mg/L,103.4,uS/cm at 25 C,2.64,mg/L,2.259,mg/L,0.001,mg N/L,0.001,mg N/L,0.131,mg N/L,7.73,Std. Units,1.364,mg/L,80,ug/L,16.866,mg/L,8.53,mg/L,4.704,mg/L,2,mg/L,1.61,NTU,,
ORRF-0102,9/22/2013,45.27724,-123.7643,,,,,,,,0.01,mg N/L,8.12,mg/L,4.193,mg/L,91.7,uS/cm at 25 C,1.42,mg/L,2.381,mg/L,0.001,mg N/L,0.001,mg N/L,0.316,mg N/L,7.85,Std. Units,0.471,mg/L,45,ug/L,15.221,mg/L,6.64,mg/L,3.866,mg/L,1.1,mg/L,0.01,NTU,,
ORR9-0908,9/24/2013,43.31057,-123.2115,North Umpqua River,,,,,,,0.009,mg N/L,5.81,mg/L,1.946,mg/L,70.9,uS/cm at 25 C,0.78,mg/L,2.066,mg/L,0.001,mg N/L,0.001,mg N/L,0.086,mg N/L,7.81,Std. Units,1.072,mg/L,92,ug/L,26.892,mg/L,5.18,mg/L,1.661,mg/L,2.7,mg/L,0.89,NTU,,
ORR9-0904,9/26/2013,42.41324,-123.158,Rogue River,,,,,,,0.137,mg N/L,9.43,mg/L,3.04,mg/L,106.4,uS/cm at 25 C,2.14,mg/L,3.549,mg/L,0.022,mg N/L,0.022,mg N/L,0.609,mg N/L,7.82,Std. Units,1.506,mg/L,164,ug/L,29.086,mg/L,6.56,mg/L,2.359,mg/L,4.7,mg/L,3.78,NTU,,
ORRF-0113,6/7/2014,42.8064,-124.3894,,,,,,,,0.006,mg N/L,8.413,mg/L,3.587,mg/L,90.6,uS/cm at 25 C,0.9,mg/L,3.398,mg/L,0.001,mg N/L,0.001,mg N/L,0,mg N/L,7.91,Std. Units,0.396,mg/L,6,ug/L,9.252,mg/L,4.614,mg/L,5.227,mg/L,3.9,mg/L,0.74,NTU,,
ORRF-0115,6/8/2014,42.72616,-124.2711,,,,,,,,0,mg N/L,8.604,mg/L,2.713,mg/L,81.6,uS/cm at 25 C,0.34,mg/L,2.887,mg/L,0,mg N/L,0,mg N/L,0.083,mg N/L,7.81,Std. Units,0.208,mg/L,0,ug/L,10.763,mg/L,3.713,mg/L,5.8,mg/L,0,mg/L,0.31,NTU,,
ORRF-0108,6/12/2014,44.97614,-118.7488,,,,,,,,0.01,mg N/L,5.402,mg/L,0.088,mg/L,51,uS/cm at 25 C,1.46,mg/L,1.863,mg/L,0,mg N/L,0,mg N/L,0.063,mg N/L,7.69,Std. Units,0.839,mg/L,4,ug/L,16.48,mg/L,2.006,mg/L,2.307,mg/L,1.3,mg/L,0.82,NTU,,
ORRF-0110,6/11/2014,44.09827,-118.5869,,,,,,,,0.013,mg N/L,5.557,mg/L,0.146,mg/L,62.4,uS/cm at 25 C,1.27,mg/L,2.231,mg/L,0,mg N/L,0,mg N/L,0.055,mg N/L,7.87,Std. Units,1.633,mg/L,37,ug/L,32.321,mg/L,3.621,mg/L,0.327,mg/L,2.2,mg/L,0.71,NTU,,
ORRF-0119,6/14/2014,44.12161,-118.3435,,,,,,,,0.011,mg N/L,6.119,mg/L,0.196,mg/L,68.9,uS/cm at 25 C,1.49,mg/L,2.455,mg/L,0,mg N/L,0,mg N/L,0.044,mg N/L,7.91,Std. Units,2,mg/L,45,ug/L,37.805,mg/L,3.944,mg/L,0.352,mg/L,3.8,mg/L,0.54,NTU,,
ORRM-1003,6/17/2014,44.63184,-119.6373,John Day River,,,,,,,0.007,mg N/L,29.97,mg/L,1.981,mg/L,297,uS/cm at 25 C,3.18,mg/L,15.03,mg/L,0,mg N/L,0,mg N/L,0.24,mg N/L,8.33,Std. Units,2.484,mg/L,107,ug/L,34.512,mg/L,11.76,mg/L,9.509,mg/L,4.5,mg/L,0.71,NTU,,
ORRM-1006,6/19/2014,44.82284,-119.85,John Day River,,,,,,,0.008,mg N/L,12.92,mg/L,0.709,mg/L,131.1,uS/cm at 25 C,2.04,mg/L,5.971,mg/L,0,mg N/L,0,mg N/L,0.144,mg N/L,8.09,Std. Units,1.346,mg/L,58,ug/L,22.736,mg/L,5.777,mg/L,3.898,mg/L,3.7,mg/L,0.79,NTU,,
ORRF-0107,6/18/2014,45.63943,-117.7274,,,,,,,,0.007,mg N/L,12.86,mg/L,0.531,mg/L,92.5,uS/cm at 25 C,1.64,mg/L,1.73,mg/L,0.001,mg N/L,0.001,mg N/L,0.159,mg N/L,7.88,Std. Units,1.337,mg/L,21,ug/L,15.933,mg/L,2.783,mg/L,3.973,mg/L,8.3,mg/L,0.74,NTU,,
ORRF-0116,6/16/2014,45.37816,-117.6533,,,,,,,,0.004,mg N/L,3.369,mg/L,0.11,mg/L,27.4,uS/cm at 25 C,1,mg/L,0.518,mg/L,0,mg N/L,0,mg N/L,0.001,mg N/L,7.4,Std. Units,0.635,mg/L,2,ug/L,11.048,mg/L,1.133,mg/L,0.422,mg/L,3.6,mg/L,0.44,NTU,,
ORRF-0118,6/21/2014,45.95473,-117.786,,,,,,,,0.01,mg N/L,5.182,mg/L,0.186,mg/L,51.1,uS/cm at 25 C,0.74,mg/L,1.727,mg/L,0,mg N/L,0,mg N/L,0.061,mg N/L,7.67,Std. Units,1.517,mg/L,24,ug/L,28.138,mg/L,1.851,mg/L,0.32,mg/L,0.2,mg/L,0.26,NTU,,
ORRF-0109,6/24/2014,43.86593,-122.4082,,,,,,,,0.004,mg N/L,3.573,mg/L,0.392,mg/L,38.1,uS/cm at 25 C,0.43,mg/L,1.252,mg/L,0,mg N/L,0,mg N/L,0.025,mg N/L,7.63,Std. Units,0.705,mg/L,15,ug/L,16.972,mg/L,2.14,mg/L,0.392,mg/L,0.2,mg/L,0.02,NTU,,
ORR9-0907,6/25/2014,45.16978,-120.4823,John Day River,,,,,,,0.017,mg N/L,15.76,mg/L,0.994,mg/L,165.2,uS/cm at 25 C,2.41,mg/L,6.799,mg/L,0,mg N/L,0,mg N/L,0.184,mg N/L,8.24,Std. Units,1.427,mg/L,87,ug/L,25.068,mg/L,7.654,mg/L,4.757,mg/L,2.5,mg/L,0.75,NTU,,
ORR9-0901,6/30/2014,43.99127,-123.6643,Siuslaw River,,,,,,,0.013,mg N/L,3.439,mg/L,4.303,mg/L,50.7,uS/cm at 25 C,1.92,mg/L,1.237,mg/L,0,mg N/L,0,mg N/L,0.106,mg N/L,7.23,Std. Units,0.805,mg/L,43,ug/L,12.612,mg/L,4.491,mg/L,0.868,mg/L,2.2,mg/L,0.82,NTU,,
ORR9-0906,7/2/2014,44.37292,-123.8363,Alsea River,,,,,,,0.035,mg N/L,5.1,mg/L,3.744,mg/L,67.8,uS/cm at 25 C,1.29,mg/L,1.833,mg/L,0.002,mg N/L,0.002,mg N/L,0.358,mg N/L,7.58,Std. Units,0.733,mg/L,46,ug/L,14.614,mg/L,5.347,mg/L,1.368,mg/L,0.6,mg/L,0.68,NTU,,
ORRM-1010,7/8/2014,45.99067,-118.9969,Columbia River,,,,,,,0.004,mg N/L,14.77,mg/L,1.654,mg/L,117.8,uS/cm at 25 C,1.72,mg/L,3.765,mg/L,0.002,mg N/L,0.002,mg N/L,0.199,mg N/L,8.06,Std. Units,0.817,mg/L,25,ug/L,7.812,mg/L,3.524,mg/L,7.48,mg/L,1.4,mg/L,0.51,NTU,,
ORSS-1175,7/9/2014,45.87203,-117.9262,South Fork Wenaha River,,,,,,,0.001,mg N/L,2.04,mg/L,0.182,mg/L,21.6,uS/cm at 25 C,0.51,mg/L,0.494,mg/L,0,mg N/L,0,mg N/L,0.06,mg N/L,7.36,Std. Units,0.484,mg/L,39,ug/L,17.527,mg/L,1.297,mg/L,0.223,mg/L,0,mg/L,0.36,NTU,,
ORS9-0940,7/14/2014,43.1678,-123.6913,,,,,,,,0.007,mg N/L,5.5,mg/L,2.483,mg/L,62.1,uS/cm at 25 C,1.24,mg/L,1.537,mg/L,0.001,mg N/L,0.001,mg N/L,0.086,mg N/L,7.38,Std. Units,0.711,mg/L,37,ug/L,16.554,mg/L,4.347,mg/L,2.355,mg/L,0,mg/L,0.03,NTU,,
ORS9-0931,7/15/2014,43.09695,-122.4115,Fish Creek,,,,,,,0.01,mg N/L,5.138,mg/L,0.119,mg/L,40.5,uS/cm at 25 C,0.78,mg/L,0.921,mg/L,0,mg N/L,0,mg N/L,0.058,mg N/L,7.36,Std. Units,0.122,mg/L,20,ug/L,14.007,mg/L,2.123,mg/L,0.443,mg/L,0,mg/L,0.01,NTU,,
ORS9-0936,7/16/2014,43.10118,-122.8297,West Creek,,,,,,,0.013,mg N/L,11.03,mg/L,2.932,mg/L,95.2,uS/cm at 25 C,0.7,mg/L,1.975,mg/L,0,mg N/L,0,mg N/L,0.056,mg N/L,7.88,Std. Units,0.502,mg/L,44,ug/L,18.445,mg/L,5.573,mg/L,2.16,mg/L,0.4,mg/L,0.14,NTU,,
ORRO-1062,7/28/2014,44.06054,-122.8951,McKenzie River,,,,,,,0.008,mg N/L,4.093,mg/L,1.205,mg/L,53.8,uS/cm at 25 C,0.61,mg/L,1.767,mg/L,0,mg N/L,0,mg N/L,0.09,mg N/L,7.8,Std. Units,0.962,mg/L,71,ug/L,20.831,mg/L,3.941,mg/L,0.874,mg/L,0.2,mg/L,0.01,NTU,,
ORR9-0905,7/29/2014,44.49071,-122.8137,South Santiam River,,,,,,,0.008,mg N/L,3.803,mg/L,0.82,mg/L,37.2,uS/cm at 25 C,0.87,mg/L,0.891,mg/L,0.001,mg N/L,0.001,mg N/L,0.073,mg N/L,7.56,Std. Units,0.284,mg/L,29,ug/L,11.047,mg/L,2.281,mg/L,1.109,mg/L,0.6,mg/L,0.16,NTU,,
ORS9-0931,8/5/2014,43.09695,-122.4115,Fish Creek,,,,,,,0.006,mg N/L,5.739,mg/L,0.173,mg/L,47.3,uS/cm at 25 C,0.56,mg/L,0.993,mg/L,0,mg N/L,0,mg N/L,0.054,mg N/L,7.43,Std. Units,0.206,mg/L,28,ug/L,15.73,mg/L,2.342,mg/L,0.463,mg/L,0,mg/L,0.17,NTU,,
ORSS-1169,8/6/2014,44.13017,-122.1306,King Creek,,,,,,,0.008,mg N/L,2.184,mg/L,0.388,mg/L,29.8,uS/cm at 25 C,0.69,mg/L,0.741,mg/L,0.001,mg N/L,0.001,mg N/L,0.165,mg N/L,7.39,Std. Units,0.312,mg/L,34,ug/L,15.253,mg/L,2.84,mg/L,0.242,mg/L,1.2,mg/L,0.41,NTU,,
ORRM-1007,8/11/2014,43.65161,-123.9032,Umpqua River,,,,,,,0.012,mg N/L,5.41,mg/L,3.447,mg/L,75.9,uS/cm at 25 C,1.44,mg/L,2.589,mg/L,0.001,mg N/L,0.001,mg N/L,0.195,mg N/L,7.62,Std. Units,1.145,mg/L,53,ug/L,20.392,mg/L,5.549,mg/L,2.232,mg/L,1.8,mg/L,0.79,NTU,,
ORRO-1049,8/12/2014,43.12125,-124.1794,Coquille River,,,,,,,0.008,mg N/L,8.033,mg/L,4.636,mg/L,115.5,uS/cm at 25 C,2.03,mg/L,6.539,mg/L,0,mg N/L,0,mg N/L,0.193,mg N/L,7.8,Std. Units,1.104,mg/L,45,ug/L,8.434,mg/L,7.48,mg/L,4.554,mg/L,5.4,mg/L,1.98,NTU,,
ORRM-1004,8/13/2014,42.46828,-124.3453,Rogue River,,,,,,,0.012,mg N/L,8.25,mg/L,2.322,mg/L,94.8,uS/cm at 25 C,1.27,mg/L,4.236,mg/L,0.001,mg N/L,0.001,mg N/L,0.178,mg N/L,7.9,Std. Units,1.15,mg/L,85,ug/L,23.04,mg/L,5.034,mg/L,2.473,mg/L,2.1,mg/L,0.01,NTU,,
ORR9-0905,8/18/2014,44.49071,-122.8137,South Santiam River,,,,,,,0.01,mg N/L,3.778,mg/L,0.842,mg/L,36.5,uS/cm at 25 C,0.85,mg/L,0.87,mg/L,0.001,mg N/L,0.001,mg N/L,0.068,mg N/L,7.54,Std. Units,0.261,mg/L,26,ug/L,11.215,mg/L,2.197,mg/L,1.19,mg/L,0.4,mg/L,1.79,NTU,,
ORLS-1110,8/19/2014,43.50132,-121.7753,Crescent Creek,,,,,,,0.011,mg N/L,2.373,mg/L,0.245,mg/L,31.4,uS/cm at 25 C,1.11,mg/L,0.985,mg/L,0,mg N/L,0,mg N/L,0.099,mg N/L,7.56,Std. Units,1.044,mg/L,33,ug/L,12.313,mg/L,2.153,mg/L,0.062,mg/L,1,mg/L,1.1,NTU,,
ORRO-1067,8/26/2014,45.73934,-119.1984,Umatilla River,,,,,,,0.016,mg N/L,8.925,mg/L,2.249,mg/L,99.9,uS/cm at 25 C,2.85,mg/L,3.526,mg/L,0.003,mg N/L,0.003,mg N/L,0.468,mg N/L,7.81,Std. Units,2.579,mg/L,215,ug/L,29.389,mg/L,5.951,mg/L,2.149,mg/L,33.2,mg/L,25.2,NTU,,
ORSS-1172,9/3/2014,42.15886,-123.4142,White Rock Creek,,,,,,,0.008,mg N/L,13.6,mg/L,1.022,mg/L,125.6,uS/cm at 25 C,0.44,mg/L,5.675,mg/L,0.001,mg N/L,0.001,mg N/L,0.024,mg N/L,8.07,Std. Units,0.856,mg/L,42,ug/L,20.687,mg/L,4.072,mg/L,3.843,mg/L,0.4,mg/L,0.24,NTU,,
ORS9-0935,9/4/2014,42.07215,-124.0083,,,,,,,,0.004,mg N/L,1.824,mg/L,2.007,mg/L,28.3,uS/cm at 25 C,0.27,mg/L,0.681,mg/L,0.001,mg N/L,0.001,mg N/L,0.096,mg N/L,7.18,Std. Units,0.315,mg/L,19,ug/L,7.287,mg/L,2.615,mg/L,1.21,mg/L,1.6,mg/L,0.45,NTU,,
ORLS-1109,9/8/2014,45.74761,-123.4891,North Fork Salmonberry River,,,,,,,0.008,mg N/L,5.834,mg/L,3.71,mg/L,60.6,uS/cm at 25 C,0.64,mg/L,1.33,mg/L,0.001,mg N/L,0.001,mg N/L,0.218,mg N/L,7.61,Std. Units,0.377,mg/L,31,ug/L,14.742,mg/L,4.665,mg/L,0.739,mg/L,0.3,mg/L,0.01,NTU,,
ORR9-0913,9/24/2014,42.46206,-121.4688,Sprague River,,,,,,,0.006,mg N/L,7.396,mg/L,1.004,mg/L,108.5,uS/cm at 25 C,1.43,mg/L,4.212,mg/L,0,mg N/L,0,mg N/L,0.143,mg N/L,7.97,Std. Units,2.183,mg/L,81,ug/L,30.951,mg/L,8.845,mg/L,0.862,mg/L,0.8,mg/L,1.38,NTU,,
ORRO-1054,9/23/2014,42.46639,-121.4396,Sprague River,,,,,,,0.006,mg N/L,7.291,mg/L,1.002,mg/L,107.3,uS/cm at 25 C,1.34,mg/L,4.114,mg/L,0,mg N/L,0,mg N/L,0.148,mg N/L,7.18,Std. Units,2.183,mg/L,88,ug/L,28.917,mg/L,8.622,mg/L,0.928,mg/L,1.6,mg/L,1.29,NTU,,
ORS9-0942,9/25/2014,43.68773,-121.686,Deschutes River,,,,,,,0.177,mg N/L,3.775,mg/L,0.705,mg/L,59.1,uS/cm at 25 C,1.26,mg/L,2.036,mg/L,0.002,mg N/L,0.002,mg N/L,0.586,mg N/L,7.72,Std. Units,1.504,mg/L,126,ug/L,19.628,mg/L,4.796,mg/L,0.412,mg/L,3.3,mg/L,6.05,NTU,,
ORLS-1095,7/29/2013,45.2628,-118.3998,Meadow Creek,,,,,,,0.007,mg N/L,13.1,mg/L,0.615,mg/L,150.8,uS/cm at 25 C,1.6,mg/L,5.045,mg/L,0,mg N/L,0,mg N/L,0.175,mg N/L,8.19,Std. Units,2.672,mg/L,76,ug/L,39.988,mg/L,9.18,mg/L,0.366,mg/L,0.2,mg/L,0.63,NTU,,
ORS9-0934,7/30/2013,44.90149,-118.477,North Fork John Day River,,,,,,,0.007,mg N/L,5.56,mg/L,0.139,mg/L,53.7,uS/cm at 25 C,0.99,mg/L,1.227,mg/L,0,mg N/L,0,mg N/L,0.034,mg N/L,7.75,Std. Units,1.277,mg/L,6,ug/L,17.477,mg/L,2.53,mg/L,3.079,mg/L,0,mg/L,0.13,NTU,,
ORS9-0941,7/31/2013,45.19313,-118.7041,Bowman Creek,,,,,,,0.005,mg N/L,8.4,mg/L,0.237,mg/L,90.1,uS/cm at 25 C,1.67,mg/L,3.606,mg/L,0,mg N/L,0,mg N/L,0.12,mg N/L,8.04,Std. Units,1.72,mg/L,81,ug/L,40.332,mg/L,3.58,mg/L,0.142,mg/L,1.7,mg/L,0.82,NTU,,
ORRM-1002,6/18/2014,44.73944,-120.3283,John Day River,,,,,,,0.009,mg N/L,19.44,mg/L,1.396,mg/L,201,uS/cm at 25 C,2.16,mg/L,7.567,mg/L,0,mg N/L,0,mg N/L,0.148,mg N/L,8.39,Std. Units,1.415,mg/L,62,ug/L,24.102,mg/L,12.22,mg/L,7.054,mg/L,3.7,mg/L,2.26,NTU,,
ORRO-1066,8/20/2014,45.22943,-121.0757,Deschutes River,,,,,,,0.014,mg N/L,6.722,mg/L,1.799,mg/L,114.5,uS/cm at 25 C,0.76,mg/L,4.745,mg/L,0.003,mg N/L,0.003,mg N/L,0.339,mg N/L,8.27,Std. Units,1.771,mg/L,126,ug/L,29.822,mg/L,9.695,mg/L,1.908,mg/L,3.6,mg/L,1.28,NTU,,
ORR9-0909,9/17/2014,45.57558,-116.4875,Snake River,,,,,,,0.016,mg N/L,34.09,mg/L,16.571,mg/L,410,uS/cm at 25 C,2,mg/L,14.08,mg/L,0.005,mg N/L,0.005,mg N/L,1.008,mg N/L,7.95,Std. Units,4.276,mg/L,88,ug/L,15.021,mg/L,30.54,mg/L,40.745,mg/L,0.8,mg/L,0.6,NTU,,
FW08OR001,9/14/2008,43.64952824,-124.0956116,Wind Creek,,17100303,,,,,0.055,mg N/L,5.191,mg/L,7.73,mg/L,88.69,uS/cm at 25 C,2.61,mg/L,2.007,mg/L,0.13368,mg N/L,0,mg N/L,422,mg N/L,7.25,Std. Units,1.205,mg/L,33.5975,ug/L,18.263,mg/L,7.76,mg/L,1.65,mg/L,2.4,mg/L,4.56,NTU,,
FW08OR002,7/22/2008,45.36811658,-119.446251,Hinton Creek,,17070104,,,,,0.055,mg N/L,30.15,mg/L,5.84,mg/L,371.18,uS/cm at 25 C,3.34,mg/L,12.14,mg/L,0.19943,mg N/L,0.00088,mg N/L,866,mg N/L,7.78,Std. Units,2.562,mg/L,293.6513,ug/L,49.921,mg/L,32.94,mg/L,7.93,mg/L,125.6,mg/L,34.8,NTU,,
FW08OR004,7/23/2008,44.62318544,-119.6383494,Johnny Creek,,17070201,,,,,0.01,mg N/L,40.2,mg/L,5.06,mg/L,451.98,uS/cm at 25 C,1.58,mg/L,18.3,mg/L,1.06641,mg N/L,0,mg N/L,1314,mg N/L,8.37,Std. Units,1.748,mg/L,53.9375,ug/L,38.263,mg/L,32.13,mg/L,12.5,mg/L,0.9,mg/L,0.81,NTU,,
FW08OR005,7/21/2008,44.89842988,-117.4241613,Sawmill Creek,,17050203,,,,,0.008,mg N/L,18.1,mg/L,1.27,mg/L,203.1,uS/cm at 25 C,1.79,mg/L,10.11,mg/L,0.07922,mg N/L,0,mg N/L,211,mg N/L,8.14,Std. Units,2.846,mg/L,88.8413,ug/L,43.2,mg/L,10.18,mg/L,12.83,mg/L,1.8,mg/L,1.81,NTU,,
FW08OR006,9/15/2008,43.87510264,-123.5025807,Siuslaw River,,17100206,,,,,0.017,mg N/L,5.678,mg/L,7.68,mg/L,74.69,uS/cm at 25 C,1.92,mg/L,1.893,mg/L,0.0258,mg N/L,0,mg N/L,199,mg N/L,7.45,Std. Units,1.023,mg/L,28.965,ug/L,16.167,mg/L,5.212,mg/L,0.54,mg/L,3.4,mg/L,4.28,NTU,,
FW08OR008,7/17/2008,45.11449914,-116.8564475,Dry Creek,,17060102,,,,,0.001,mg N/L,4.053,mg/L,0.08,mg/L,42.08,uS/cm at 25 C,1.02,mg/L,1.337,mg/L,0.00337,mg N/L,0,mg N/L,44,mg N/L,7.35,Std. Units,0.839,mg/L,12.7788,ug/L,27.601,mg/L,2.267,mg/L,0.4,mg/L,0,mg/L,0.09,NTU,,
FW08OR009,7/9/2008,45.30045298,-123.4774717,Tributary to Nestucca River,,17100203,,,,,0.009,mg N/L,5.863,mg/L,3.91,mg/L,69.98,uS/cm at 25 C,0.41,mg/L,1.832,mg/L,0.05805,mg N/L,0,mg N/L,119,mg N/L,7.99,Std. Units,0.246,mg/L,14.8975,ug/L,18.938,mg/L,4.875,mg/L,1.34,mg/L,0.8,mg/L,0.296,NTU,,
FW08OR010,8/3/2008,43.09695281,-122.4115116,Fish Creek,,17100301,,,,,0.007,mg N/L,3.992,mg/L,0.14,mg/L,29.43,uS/cm at 25 C,0.69,mg/L,0.661,mg/L,0.00144,mg N/L,0,mg N/L,124,mg N/L,7.26,Std. Units,0.165,mg/L,27.7413,ug/L,13.542,mg/L,1.792,mg/L,0.47,mg/L,15.8,mg/L,4.38,NTU,,
FW08OR015,8/19/2008,42.41324015,-123.1579741,Rogue River,,17100308,,,,,0.075,mg N/L,6.08,mg/L,1.42,mg/L,71.71,uS/cm at 25 C,1.13,mg/L,2.347,mg/L,0.0642,mg N/L,0.01435,mg N/L,300,mg N/L,7.89,Std. Units,1.231,mg/L,72.4588,ug/L,28.052,mg/L,4.309,mg/L,1.03,mg/L,3.9,mg/L,4.4,NTU,,
FW08OR016,8/12/2008,44.49070934,-122.8137154,South Santiam River,,17090006,,,,,0.008,mg N/L,3.286,mg/L,0.79,mg/L,30.97,uS/cm at 25 C,0.62,mg/L,0.776,mg/L,0.0066,mg N/L,0.00071,mg N/L,95,mg N/L,7.64,Std. Units,0.303,mg/L,13.1913,ug/L,11.316,mg/L,1.994,mg/L,0.96,mg/L,0.5,mg/L,0.83,NTU,,
FW08OR016,9/17/2008,44.49070934,-122.8137154,South Santiam River,,17090006,,,,,0.005,mg N/L,3.347,mg/L,0.79,mg/L,33.69,uS/cm at 25 C,0.59,mg/L,0.82,mg/L,0.00282,mg N/L,0,mg N/L,48,mg N/L,7.46,Std. Units,0.257,mg/L,4.5038,ug/L,10.628,mg/L,1.94,mg/L,1.01,mg/L,1.8,mg/L,3.23,NTU,,
FW08OR019,7/7/2008,44.37292269,-123.8363474,Alsea River,,17100205,,,,,0.016,mg N/L,4.541,mg/L,4.3,mg/L,63.86,uS/cm at 25 C,1.15,mg/L,1.718,mg/L,0.07527,mg N/L,0,mg N/L,236,mg N/L,7.91,Std. Units,0.592,mg/L,11.555,ug/L,14.872,mg/L,5.206,mg/L,1.39,mg/L,0.7,mg/L,1.115,NTU,,
FW08OR022,8/1/2008,43.31057123,-123.2115221,North Fork Umpqua River,,17100301,,,,,0.007,mg N/L,5.209,mg/L,1.45,mg/L,61.13,uS/cm at 25 C,0.57,mg/L,1.662,mg/L,0,mg N/L,0,mg N/L,77,mg N/L,8.33,Std. Units,1.046,mg/L,36.9706,ug/L,26.276,mg/L,4.205,mg/L,1.17,mg/L,0.8,mg/L,0.75,NTU,,
FW08OR027,9/30/2008,44.06547124,-123.1063463,Willamette River,,17090003,,,,,0.013,mg N/L,4.471,mg/L,1.04,mg/L,47.7,uS/cm at 25 C,0.99,mg/L,1.37,mg/L,0.00945,mg N/L,0,mg N/L,91,mg N/L,7.59,Std. Units,0.529,mg/L,16.0206,ug/L,15.817,mg/L,2.647,mg/L,0.89,mg/L,1.4,mg/L,4.14,NTU,,
FW08OR035,7/8/2008,44.80638327,-123.9729588,Siletz River,,17100204,,,,,0.016,mg N/L,3.963,mg/L,4.34,mg/L,57.39,uS/cm at 25 C,0.78,mg/L,1.361,mg/L,0.19023,mg N/L,0.0211,mg N/L,289,mg N/L,7.74,Std. Units,0.476,mg/L,9.4638,ug/L,53.83,mg/L,4.698,mg/L,2.19,mg/L,0.8,mg/L,0.85,NTU,,
FW08OR043,9/11/2008,43.61498688,-122.7664621,Tributary to Sharps Creek,,17090002,,,,,0.007,mg N/L,7.518,mg/L,1.14,mg/L,73.85,uS/cm at 25 C,0.65,mg/L,2.034,mg/L,0.10865,mg N/L,0.00065,mg N/L,210,mg N/L,7.71,Std. Units,0.764,mg/L,27.5025,ug/L,16.105,mg/L,3.806,mg/L,0.97,mg/L,5.1,mg/L,4.01,NTU,,
FW08OR044,8/13/2008,44.75269237,-122.5140529,North Fork Santiam,,17090005,,,,,0.005,mg N/L,3.251,mg/L,0.67,mg/L,30.35,uS/cm at 25 C,0.39,mg/L,0.809,mg/L,0.00521,mg N/L,0,mg N/L,103,mg N/L,7.69,Std. Units,0.346,mg/L,8.93,ug/L,15.661,mg/L,2.071,mg/L,0.45,mg/L,1.1,mg/L,3.19,NTU,,
FW08OR047,8/21/2008,42.07214556,-124.0083463,Tributary to North Fork Smith River,,18010101,,,,,0.006,mg N/L,1.571,mg/L,2.33,mg/L,26.68,uS/cm at 25 C,1.21,mg/L,0.615,mg/L,0.05892,mg N/L,0,mg N/L,141,mg N/L,7.73,Std. Units,0.352,mg/L,17.2244,ug/L,7.204,mg/L,2.424,mg/L,0.86,mg/L,4.2,mg/L,4.05,NTU,,
FW08OR050,9/13/2008,43.1011809,-122.8297464,West Creek,,17100302,,,,,0.007,mg N/L,10.88,mg/L,4.99,mg/L,105.68,uS/cm at 25 C,0.36,mg/L,1.995,mg/L,0.01308,mg N/L,0,mg N/L,34,mg N/L,7.79,Std. Units,0.578,mg/L,17.695,ug/L,16.353,mg/L,5.686,mg/L,3.27,mg/L,0,mg/L,2.68,NTU,,
FW08OR045,7/19/2008,44.90149003,-118.4770479,North Fork John Day,,17070202,,,,,0,mg N/L,4.649,mg/L,0.15,mg/L,44.28,uS/cm at 25 C,1.22,mg/L,0.984,mg/L,0.00206,mg N/L,0,mg N/L,44,mg N/L,7.64,Std. Units,1.232,mg/L,8.3375,ug/L,17.366,mg/L,2.173,mg/L,1.95,mg/L,0.4,mg/L,0.41,NTU,,
FW08OR051,9/29/2008,44.31650762,-123.2186318,Willamette River,,17090003,,,,,0.019,mg N/L,4.253,mg/L,1.24,mg/L,53.53,uS/cm at 25 C,0.72,mg/L,1.557,mg/L,0.01432,mg N/L,0,mg N/L,90,mg N/L,7.74,Std. Units,0.695,mg/L,25.754,ug/L,18.638,mg/L,3.397,mg/L,1.67,mg/L,2.8,mg/L,3.32,NTU,,
FW08OR052,7/20/2008,44.85146182,-118.1429123,North Fork Rock Creek,,17050203,,,,,0,mg N/L,2.546,mg/L,0.09,mg/L,33.27,uS/cm at 25 C,0.58,mg/L,0.965,mg/L,0.00136,mg N/L,0,mg N/L,9,mg N/L,7.23,Std. Units,0.755,mg/L,4.2788,ug/L,12.945,mg/L,1.594,mg/L,6.77,mg/L,0,mg/L,0.41,NTU,,
FW08OR054,8/20/2008,42.46828279,-124.3453411,Rogue River,,17100310,,,,,0.014,mg N/L,7.2,mg/L,1.66,mg/L,85.32,uS/cm at 25 C,0.85,mg/L,3.517,mg/L,0.10849,mg N/L,0,mg N/L,295,mg N/L,8,Std. Units,1.022,mg/L,57.2525,ug/L,24.219,mg/L,4.023,mg/L,1.68,mg/L,2.6,mg/L,3.8,NTU,,
FW08OR058,8/5/2008,44.14641093,-122.5770456,McKenzie River,,17090004,,,,,0.005,mg N/L,3.716,mg/L,1.17,mg/L,47.73,uS/cm at 25 C,0.31,mg/L,1.641,mg/L,0.00058,mg N/L,0,mg N/L,53,mg N/L,7.79,Std. Units,1.023,mg/L,28.9606,ug/L,23.244,mg/L,3.974,mg/L,0.69,mg/L,0.6,mg/L,0.16,NTU,,
FW08OR058,9/16/2008,44.14641093,-122.5770456,McKenzie River,,17090004,,,,,0.004,mg N/L,3.909,mg/L,1.16,mg/L,50.43,uS/cm at 25 C,0.35,mg/L,1.726,mg/L,0.00174,mg N/L,0,mg N/L,26,mg N/L,7.68,Std. Units,0.871,mg/L,30.8675,ug/L,22.816,mg/L,3.447,mg/L,0.7,mg/L,0,mg/L,2.54,NTU,,
FW08OR059,8/2/2008,43.57753366,-123.501659,Umpqua River,,17100303,,,,,0.01,mg N/L,5.599,mg/L,2.6,mg/L,69.8,uS/cm at 25 C,0.85,mg/L,1.989,mg/L,0.00048,mg N/L,0,mg N/L,97,mg N/L,8.02,Std. Units,1.093,mg/L,22.5738,ug/L,20.647,mg/L,4.7,mg/L,1.81,mg/L,0.7,mg/L,0.61,NTU,,
FW08OR069,7/18/2008,45.19312941,-118.704127,Bowman Creek,,17070202,,,,,0.004,mg N/L,7.39,mg/L,0.18,mg/L,80.02,uS/cm at 25 C,2.18,mg/L,3.238,mg/L,0.00734,mg N/L,0,mg N/L,123,mg N/L,7.88,Std. Units,1.518,mg/L,23.405,ug/L,39.863,mg/L,3.453,mg/L,0.15,mg/L,0.4,mg/L,0.42,NTU,,
FW08OR060,8/14/2008,44.77924123,-122.816474,Santiam River,,17090005,,,,,0.006,mg N/L,3.429,mg/L,0.69,mg/L,33.8,uS/cm at 25 C,0.42,mg/L,0.842,mg/L,0.00117,mg N/L,0,mg N/L,56,mg N/L,7.61,Std. Units,0.532,mg/L,8.9775,ug/L,15.324,mg/L,2.148,mg/L,0.52,mg/L,1,mg/L,3.29,NTU,,
FW08OR021,6/12/2009,45.16977887,-120.482277,John Day River,,17070204,,,,,0.011,mg N/L,13.39,mg/L,0.74,mg/L,134.17,uS/cm at 25 C,2.59,mg/L,5.702,mg/L,0.00068,mg N/L,0,mg N/L,176,mg N/L,7.05,Std. Units,0.982,mg/L,47.2231,ug/L,25.896,mg/L,4.491,mg/L,3.16,mg/L,23.4,mg/L,2.62,NTU,,
FW08OR033,6/1/2009,43.77083697,-118.0489728,Malheur River,,17050117,,,,,0.009,mg N/L,14.26,mg/L,3,mg/L,195,uS/cm at 25 C,3.85,mg/L,6.144,mg/L,0.02292,mg N/L,0.00402,mg N/L,484,mg N/L,8.15,Std. Units,3.766,mg/L,177.9113,ug/L,38.035,mg/L,15.14,mg/L,12.19,mg/L,16.4,mg/L,17.14,NTU,,
FW08OR037,6/15/2009,45.53251916,-120.3580321,John Day River,,17070204,,,,,0.004,mg N/L,15.13,mg/L,0.87,mg/L,147.64,uS/cm at 25 C,2.69,mg/L,6.376,mg/L,0.00044,mg N/L,0,mg N/L,209,mg N/L,7.96,Std. Units,1.074,mg/L,38.6469,ug/L,26.392,mg/L,4.986,mg/L,3.47,mg/L,20.4,mg/L,2.52,NTU,,
FW08OR049,5/30/2009,43.05277149,-117.6943371,Owyhee River,,17050110,,,,,0.017,mg N/L,24.08,mg/L,7.32,mg/L,284.53,uS/cm at 25 C,3.72,mg/L,6.742,mg/L,0.13302,mg N/L,0.00187,mg N/L,509,mg N/L,8.38,Std. Units,4.119,mg/L,49.2288,ug/L,32.362,mg/L,24.51,mg/L,16.73,mg/L,3.8,mg/L,2.46,NTU,,
FW08ROR9099,5/28/2009,42.97872647,-117.7087394,Owyhee River,,17050110,,,,,0.019,mg N/L,24.07,mg/L,7.21,mg/L,283.52,uS/cm at 25 C,3.19,mg/L,6.714,mg/L,0.13752,mg N/L,0.00126,mg N/L,529,mg N/L,8.37,Std. Units,4.094,mg/L,54.5088,ug/L,33.279,mg/L,23.47,mg/L,16.52,mg/L,5.6,mg/L,2.41,NTU,,
FW08OR014,8/3/2009,44.16795426,-122.2496729,McKenzie River,,17090004,,,,,0,mg N/L,3.91,mg/L,1.46,mg/L,59.61,uS/cm at 25 C,0.27,mg/L,1.849,mg/L,0.00037,mg N/L,0,mg N/L,0,mg N/L,7.76,Std. Units,1.056,mg/L,82.8775,ug/L,26.861,mg/L,4.346,mg/L,0.78,mg/L,0.2,mg/L,0.68,NTU,,
FW08ROR9001,8/14/2009,42.15266573,-124.1479945,Chetco River,,17100312,,,,,0.006,mg N/L,10.27,mg/L,2.19,mg/L,108.67,uS/cm at 25 C,0.4,mg/L,5.25,mg/L,0.01025,mg N/L,0,mg N/L,0,mg N/L,7.42,Std. Units,0.217,mg/L,20.8469,ug/L,10.521,mg/L,2.87,mg/L,4.24,mg/L,0.7,mg/L,0.01,NTU,,
FW08ROR9003,7/29/2009,44.64874805,-121.6449268,Metolius River,,17070301,,,,,0.011,mg N/L,5.269,mg/L,1.33,mg/L,96.98,uS/cm at 25 C,0.46,mg/L,4.643,mg/L,0.02364,mg N/L,0,mg N/L,1,mg N/L,8.03,Std. Units,1.429,mg/L,131.8763,ug/L,36.301,mg/L,8.011,mg/L,0.66,mg/L,0,mg/L,0.13,NTU,,
FW08ROR9004,7/30/2009,45.34630766,-120.9389554,Deschutes River,,17070306,,,,,0.012,mg N/L,7.439,mg/L,1.96,mg/L,121.36,uS/cm at 25 C,0.97,mg/L,5.139,mg/L,0.027,mg N/L,0.00436,mg N/L,43,mg N/L,8.28,Std. Units,1.787,mg/L,72.6138,ug/L,27.155,mg/L,10.69,mg/L,1.83,mg/L,5.7,mg/L,3.18,NTU,,
FW08ROR9007,8/4/2009,43.29360077,-122.5402546,North Umpqua River,,17100301,,,,,0.001,mg N/L,5.007,mg/L,1.63,mg/L,65.76,uS/cm at 25 C,0.48,mg/L,1.804,mg/L,0.00118,mg N/L,0,mg N/L,0,mg N/L,7.74,Std. Units,1.087,mg/L,92.85,ug/L,29.389,mg/L,4.7,mg/L,1.66,mg/L,1.4,mg/L,0.31,NTU,,
FW08OR011,7/7/2009,43.99127152,-123.6643325,Siuslaw River,,17100206,,,,,0.006,mg N/L,3.059,mg/L,4.85,mg/L,51.59,uS/cm at 25 C,1.66,mg/L,1.291,mg/L,0.00817,mg N/L,0,mg N/L,120,mg N/L,7.59,Std. Units,0.747,mg/L,31.3675,ug/L,12.881,mg/L,4.643,mg/L,0.49,mg/L,0,mg/L,0.57,NTU,,
FW08OR003,9/24/2009,42.94308132,-121.2591679,West Fork Silver Creek,,17120005,,,,,0.003,mg N/L,4.773,mg/L,0.09,mg/L,52.38,uS/cm at 25 C,0.52,mg/L,1.636,mg/L,0.00123,mg N/L,0,mg N/L,6,mg N/L,7.6,Std. Units,0.886,mg/L,83.426,ug/L,29.855,mg/L,3.063,mg/L,0.06,mg/L,1.8,mg/L,0.09,NTU,,
FW08OR012,7/13/2009,45.39535442,-122.1493692,Sandy River,,17080001,,,,,0.005,mg N/L,4.28,mg/L,1.97,mg/L,55.72,uS/cm at 25 C,0.63,mg/L,1.513,mg/L,0,mg N/L,0,mg N/L,51,mg N/L,7.64,Std. Units,0.633,mg/L,55.4513,ug/L,20.255,mg/L,3.983,mg/L,5,mg/L,15.2,mg/L,7.05,NTU,,
FW08OR023,7/28/2009,45.21177266,-121.8471446,Draw Creek,,17080001,,,,,0.009,mg N/L,3.793,mg/L,0.65,mg/L,39.14,uS/cm at 25 C,0.42,mg/L,1.328,mg/L,0.00088,mg N/L,0,mg N/L,0,mg N/L,7.55,Std. Units,0.27,mg/L,34.7613,ug/L,17.391,mg/L,2.2,mg/L,0.16,mg/L,0,mg/L,0.08,NTU,,
FW08OR023,9/1/2009,45.21177266,-121.8471446,Draw Creek,,17080001,,,,,0.009,mg N/L,3.83,mg/L,0.64,mg/L,41.88,uS/cm at 25 C,0.3,mg/L,1.37,mg/L,0.00136,mg N/L,0,mg N/L,0,mg N/L,7.57,Std. Units,0.229,mg/L,29.295,ug/L,17.579,mg/L,2.149,mg/L,0.16,mg/L,0,mg/L,0.07,NTU,,
FW08OR025,9/14/2009,45.57558308,-116.4874891,Snake River,,17060101,,,,,0.007,mg N/L,34.78,mg/L,15.57,mg/L,392.79,uS/cm at 25 C,2.25,mg/L,13.26,mg/L,0.68128,mg N/L,0,mg N/L,993,mg N/L,8.14,Std. Units,4.232,mg/L,118.3038,ug/L,9.572,mg/L,29.89,mg/L,43.73,mg/L,0.3,mg/L,1.35,NTU,,
FW08OR026,7/14/2009,44.24752634,-120.8594664,Crooked River,,17070305,,,,,0.009,mg N/L,17.64,mg/L,3.56,mg/L,217.02,uS/cm at 25 C,3.85,mg/L,9.361,mg/L,0.00111,mg N/L,0,mg N/L,289,mg N/L,8.54,Std. Units,2.505,mg/L,102.54,ug/L,29.732,mg/L,18.12,mg/L,4.82,mg/L,4.2,mg/L,6.66,NTU,,
FW08OR028,7/27/2009,45.4847782,-122.959935,Tualatin River,,17090010,,,,,0.021,mg N/L,8.245,mg/L,3.23,mg/L,89.84,uS/cm at 25 C,1.41,mg/L,2.84,mg/L,0.19414,mg N/L,0,mg N/L,318,mg N/L,7.77,Std. Units,0.671,mg/L,78.1363,ug/L,18.524,mg/L,4.586,mg/L,2.29,mg/L,4.6,mg/L,5.16,NTU,,
FW08OR028,8/31/2009,45.4847782,-122.959935,Tualatin River,,17090010,,,,,0.024,mg N/L,8.369,mg/L,3.59,mg/L,90.73,uS/cm at 25 C,1.5,mg/L,2.912,mg/L,0.12237,mg N/L,0.00103,mg N/L,238,mg N/L,7.67,Std. Units,0.593,mg/L,67.74,ug/L,18.862,mg/L,4.448,mg/L,2.49,mg/L,6,mg/L,5.95,NTU,,
FW08OR030,9/23/2009,42.46206361,-121.4688273,Sprague River,,18010202,,,,,0.008,mg N/L,8.717,mg/L,1.32,mg/L,131.57,uS/cm at 25 C,2.46,mg/L,5.196,mg/L,0.00053,mg N/L,0,mg N/L,197,mg N/L,8.12,Std. Units,2.401,mg/L,98.097,ug/L,32.276,mg/L,10.88,mg/L,0.66,mg/L,1.6,mg/L,1.56,NTU,,
FW08OR041,9/16/2009,45.74942517,-116.7596127,Imnaha River,,17060102,,,,,0.001,mg N/L,31.17,mg/L,2.5,mg/L,213.91,uS/cm at 25 C,1.11,mg/L,4.424,mg/L,0.00119,mg N/L,0,mg N/L,146,mg N/L,8.21,Std. Units,1.843,mg/L,36.755,ug/L,22.772,mg/L,6.524,mg/L,24.91,mg/L,3.8,mg/L,0.45,NTU,,
FW08OR046,9/22/2009,42.59955311,-121.7616774,Sprague River,,18010202,,,,,0.007,mg N/L,7.87,mg/L,1.19,mg/L,127.4,uS/cm at 25 C,2.34,mg/L,5.163,mg/L,0,mg N/L,0,mg N/L,224,mg N/L,8.24,Std. Units,2.108,mg/L,92.9113,ug/L,30.74,mg/L,10.59,mg/L,0.7,mg/L,3.3,mg/L,4.38,NTU,,
FW08OR055,7/6/2009,45.73065392,-122.9295914,Raymond Creek,,17090012,,,,,0,mg N/L,7.145,mg/L,1.91,mg/L,83.79,uS/cm at 25 C,1,mg/L,2.757,mg/L,0.44802,mg N/L,0,mg N/L,554,mg N/L,7.79,Std. Units,1.51,mg/L,122.1188,ug/L,38.898,mg/L,5.512,mg/L,2.35,mg/L,1.5,mg/L,1.15,NTU,,
FW08OR056,7/15/2009,44.14124775,-119.2912379,Tamarack Creek,,17070201,,,,,0,mg N/L,106.5,mg/L,0.68,mg/L,583.98,uS/cm at 25 C,1.62,mg/L,10.34,mg/L,0,mg N/L,0,mg N/L,35,mg N/L,8.3,Std. Units,1.591,mg/L,73.29,ug/L,29.444,mg/L,6.325,mg/L,72.09,mg/L,0.6,mg/L,0.21,NTU,,
FW08OR061,8/26/2009,44.88502149,-119.1490393,Middle Fork John Day,,17070203,,,,,0.015,mg N/L,15.49,mg/L,0.74,mg/L,164.89,uS/cm at 25 C,2.22,mg/L,7.207,mg/L,0.00073,mg N/L,0,mg N/L,214,mg N/L,8.4,Std. Units,1.878,mg/L,41.0094,ug/L,22.538,mg/L,7.295,mg/L,1.51,mg/L,2,mg/L,1.39,NTU,,
FW08OR064,9/11/2009,45.28694496,-116.6722235,Snake River,,17060101,,,,,0.006,mg N/L,34.72,mg/L,15.41,mg/L,388.92,uS/cm at 25 C,2.23,mg/L,13.07,mg/L,0.6824,mg N/L,0,mg N/L,975,mg N/L,8.02,Std. Units,4.115,mg/L,124.43,ug/L,19.406,mg/L,28.84,mg/L,42.8,mg/L,0,mg/L,1.69,NTU,,
FW08OR065,8/25/2009,43.1829002,-118.8780448,Donner und Blitzen River,,17120003,,,,,0.017,mg N/L,10.35,mg/L,0.88,mg/L,125.82,uS/cm at 25 C,2.4,mg/L,4.726,mg/L,0.00308,mg N/L,0.00041,mg N/L,222,mg N/L,8.01,Std. Units,1.438,mg/L,100.1881,ug/L,26.643,mg/L,7.533,mg/L,1.2,mg/L,15,mg/L,10.27,NTU,,
FW08OR066,7/8/2009,43.16780092,-123.6912676,Tributary to Lost Creek,,17100305,,,,,0.004,mg N/L,4.508,mg/L,2.35,mg/L,55.69,uS/cm at 25 C,1.21,mg/L,1.332,mg/L,0.00089,mg N/L,0,mg N/L,83,mg N/L,7.62,Std. Units,0.62,mg/L,43.1213,ug/L,16.202,mg/L,4.12,mg/L,2.03,mg/L,2,mg/L,1.36,NTU,,
FW08OR071,9/2/2009,45.55286482,-122.7053804,Willamette River,,17090012,,,,,0.059,mg N/L,6.315,mg/L,4.18,mg/L,86.97,uS/cm at 25 C,1.3,mg/L,2.199,mg/L,0.22161,mg N/L,0.00762,mg N/L,458,mg N/L,7.59,Std. Units,1.051,mg/L,76.06,ug/L,17.817,mg/L,6.398,mg/L,4.43,mg/L,4.1,mg/L,2.67,NTU,,
FW08OR074,8/24/2009,43.68772554,-121.686031,Deschutes River,,17070301,,,,,0.024,mg N/L,3.734,mg/L,0.56,mg/L,58.23,uS/cm at 25 C,1.01,mg/L,1.934,mg/L,0.00546,mg N/L,0.00037,mg N/L,143,mg N/L,7.74,Std. Units,1.238,mg/L,74.3744,ug/L,19.26,mg/L,4.48,mg/L,0.18,mg/L,1.8,mg/L,1.18,NTU,,
FW08OR057,8/4/2009,45.93081878,-117.4553394,Grande Ronde River,,17060106,,,,,0.003,mg N/L,17.73,mg/L,0.99,mg/L,145.94,uS/cm at 25 C,2.02,mg/L,3.061,mg/L,0,mg N/L,0,mg N/L,198,mg N/L,8.53,Std. Units,2.351,mg/L,51.595,ug/L,18.864,mg/L,5.629,mg/L,4.84,mg/L,3,mg/L,1.2,NTU,,
